Colocação,Nome,Equipe,Categoria/Classe,Pontos,Etapa 1 - Jacarei,Etapa II - Campinas,Etapa III - Marília,Etapa IV - Votorantim,Etapa V - São Bernardo,Paulistão - São Paulo
,ALINE MENESES FERREIRA,CLUBE INCLUSIVO /INSTITUTO AJINOMOTO - SP,Classe 07 (FEM),60,20,20,20,,,
,LUCAS FONSECA SEGREGIO,SANTO ANDRÉ / ADSA - SP,Classe 09 (MAS),60,20,20,20,,,
,CLAUDIO MASSAD,SESI-SP/INSTITUTO MATOSTT,Classe 10 (MAS),60,20,20,20,,,
,CESAR GAMERO VALÉRIO SILVA,ASSOCIAÇÃO CULTURAL NIPO BRASILEIRA DE SÃO CAETANO DO SUL/BUNKA-SP,Classe 08 (MAS),48,14,14,20,,,
,JAQUELINE DE CASTRO ISHIDA,CLUBE INCLUSIVO /INSTITUTO AJINOMOTO - SP,Classe 10 (FEM),44,20,14,10,,,
,ANDERSON ARAÚJO DOS SANTOS,ESPORTE CLUBE PRAIA GRANDE - SP,Classe 03 (MAS),40,20,20,0,,,
,PAULO CESAR DE OLIVEIRA,SANTO ANDRÉ / ADSA - SP,Classe 04 (MAS),40,20,20,0,,,
,FELIPE AMORIM DE OLIVEIRA,CLUBE INCLUSIVO /INSTITUTO AJINOMOTO - SP,Classe 06 (MAS),40,20,0,20,,,
,PAULO SÉRGIO SALMIN FILHO,SESI-SP/INSTITUTO MATOSTT,Classe 07 (MAS),40,0,20,20,,,
,LUIZ FILIPE GUARNIERI MANARA,ASSOCIAÇÃO DESPORTIVA E CULTURAL ARTE DA LUTA - SP,Classe 08 (MAS),40,20,20,0,,,
,DANIELLE RAUEN,SESI-SP/INSTITUTO MATOSTT,Classe 09 (FEM),40,0,20,20,,,
,JOÃO PEDRO MARTINS NARVAIS,ESPORTE CLUBE PRAIA GRANDE - SP,Classe 07 (MAS),38,14,10,14,,,
,TIAGO DE FREITAS,SANTO ANDRÉ / ADSA - SP,Classe 02 (MAS),34,14,20,0,,,
,LUIZ HENRIQUE MEDINA,CLUBE DE TÊNIS DE MESA ALVES TT/CAIEIRAS - SP,Classe 06 (MAS),34,14,20,0,,,
,BRUNO KAZUO MUNE,ACADEMIA DUNAMIS DE TÊNIS DE MESA-SP,Classe 08 (MAS),34,10,10,14,,,
,MANUELA LIMA,SOCIEDADE ESPORTIVA PALMEIRAS-SP,Classe 10 (FEM),30,10,10,10,,,
,ITALO MARTINS DE ARAUJO,ASSOCIAÇÃO CULTURAL NIPO BRASILEIRA DE SÃO CAETANO DO SUL/BUNKA-SP,Classe 03 (MAS),28,14,14,0,,,
,IVANILDO PESSOA FREITAS,ACADEMIA DUNAMIS DE TÊNIS DE MESA-SP,Classe 04 (MAS),28,14,14,0,,,
,MATEUS ITIKAWA PIRK,SOCIEDADE ESPORTIVA PALMEIRAS-SP,Classe 08 (MAS),27,10,7,10,,,
,GUSTAVO DE SOUZA ROSSI,SOCIEDADE ESPORTIVA PALMEIRAS-SP,Classe 09 (MAS),24,14,10,0,,,
,CÁTIA CRISTINA DA SILVA OLIVEIRA,SESI-SP/INSTITUTO MATOSTT - SP,Classe 02 (FEM),20,0,0,20,,,
,ANDERSON MIRANDA DA SILVA,ACADEMIA DE TÊNIS DE MESA LIFE PONG - SP,Classe 02 (MAS),20,20,0,0,,,
,JOYCE FERNANDA DE OLIVEIRA QUINZOTE,SESI-SP/INSTITUTO MATOSTT - SP,Classe 03 (FEM),20,0,0,20,,,
,ANDRÉ.GONÇALVES DOS SANTOS,SESI-SP/INSTITUTO MATOSTT,Classe 03 (MAS),20,10,10,0,,,
,RAIZA FRANCISCA FARIAS PEREIRA DA SILVA,ASSOC. NOVA ERA DE T.M.-SP,Classe 05 (FEM),20,0,0,20,,,
,JEFFERSON TEIXEIRA MARTINS,KOSMOS CLUBE - SP,Classe 05 (MAS),20,20,0,0,,,
,PEDRO DE MATTOS MARTINS,CR SALDANHA DA GAMA/SANTA CECÍLIA/FUPES - SP,Classe 07 (MAS),17,10,0,7,,,
,CÉSAR AUGUSTO GOUVEA MEGDA,ASSOCIAÇÃO DOS SERVIDORES MUNICIPAIS DE RIBEIRÃO PRETO - SP,Classe 06 (MAS),14,0,14,0,,,
,FRANKLIN ROBERTO DOS SANTOS ALVES,ESPORTE CLUBE PRAIA GRANDE - SP,Classe 07 (MAS),14,0,14,0,,,
,JOÃO PEDRO RIBEIRO POSSAS,ESPORTE CLUBE PRAIA GRANDE - SP,Classe 09 (MAS),14,0,14,0,,,
,RYAN VICTOR SALDANHA SANTOS,CR SALDANHA DA GAMA/SANTA CECÍLIA/FUPES - SP,Classe 10 (MAS),14,14,0,0,,,
,ALEXANDRE LAZARIM CALDEIRA,ARAÇA PONG / SMELR ARAÇATUBA – SP,Classe 10 (MAS),14,0,14,0,,,
,ANDREW GUILHERME DOS SANTOS,ESPORTE CLUBE PRAIA GRANDE - SP,Classe 05 (MAS),10,0,10,0,,,
,DEMÉTRIUS JOSÉ BARROS REIS,SESI-SP/INSTITUTO MATOSTT - SP,Classe 07 (MAS),10,0,0,10,,,
,MATHEUS DUTRA BARSOTTI DE FREITAS,CR SALDANHA DA GAMA/SANTA CECÍLIA/FUPES - SP,Classe 08 (MAS),10,0,10,0,,,
,CARLOS ALBERTO OLIVEIRA MARTIN,INST. FAIR PLAY DE DESENVOLVIMENTO ESPORTIVO-SP,Classe 09 (MAS),10,0,10,0,,,
,EDNEI CARLOS DA SILVA,ARAÇA PONG / SMELR ARAÇATUBA – SP,Classe 10 (MAS),10,0,10,0,,,
,ANAEL SILVA DUARTE,ESPORTE CLUBE PRAIA GRANDE - SP,Classe 10 (MAS),10,0,10,0,,,
,JOAO VICTOR ALONSO VALESE MARINI,ASSOCIAÇÃO DOS SERVIDORES MUNICIPAIS DE RIBEIRÃO PRETO - SP,Classe 10 (MAS),7,0,7,0,,,
,LAURA YUMI SASAKI,ASSOCIAÇÃO CULTURAL NIPO BRASILEIRA DE SÃO CAETANO DO SUL/BUNKA-SP,SUB-13 FEM,60,20,20,20,,,
,MARIA FERNANDA DE OLIVEIRA LEÃO FERNANDES,CLUBE DE TÊNIS DE MESA JACAREÍ - SP,SUB-19 FEM,60,20,20,20,,,
,GABRIELLA MARIA DINIZ MOURA ZAGO,SESI-SP/INSTITUTO MATOSTT - SP,SUB-21 FEM,60,20,20,20,,,
,RICARDO FERRAZ INSELSPERGER,CLUBE ITUANO DE ESPORTES-SP,VETERANO 40 MAS,60,20,20,20,,,
,ELIANE MARIA KRUMENERL AVANSO,TEAM MANCINI -SP,VETERANO 55 FEM,60,20,20,20,,,
,DANIEL SIDNEY GIMENES,UNASP ENGENHEIRO COELHO - SP,VETERANO 70 MAS,60,20,20,20,,,
,MÔNICA YUMIKO MINE,ASSOCIAÇÃO NIKKEY SÃO JOSÉ DOS CAMPOS - SP,LADY 35,54,20,14,20,,,
,MAIARA AGNONE SENA ALVES,TEAM MANCINI -SP,SUB-15 FEM,54,20,20,14,,,
,CAIO LOPES DA SILVA,SANTO ANDRÉ / ADSA - SP,SUB-19 MAS,54,20,20,14,,,
,ROSELI OKABAYASHI SASAKI,ASSOCIAÇÃO ESPORTIVA RECREATIVA ATEME-SP,VETERANO 45 FEM,54,20,14,20,,,
,FÁBIO MIZUTANI,MASTER PONG TT ACADEMIA-SP,VETERANO 50 MAS,54,14,20,20,,,
,MARIA TOMIKO HARADA,ACEMV / PREFEITURA DE VOTORANTIM / SEDESP-SP,VETERANO 75 FEM,54,14,20,20,,,
,JESSICA SILVA PRATES,ASSOCIAÇÃO NIKKEY SÃO JOSÉ DOS CAMPOS - SP,ABSOLUTO A (FEM),50,20,20,10,,,
,FABIO P NAVARRO,YARA CLUBE/ACADEMIA NELSON MACHADO/SELJ-MARÍLIA-SP,VETERANO 45 MAS,50,10,20,20,,,
,PAULO AUGUSTO MARTINEZ,ASSOCIAÇÃO ATLÉTICA SALTENSE-SP,VETERANO 55 MAS,50,10,20,20,,,
,MARIANA FRANCO SCHIEFER DOS SANTOS,SOCIEDADE ESPORTIVA PALMEIRAS-SP,LADY 35,48,14,20,14,,,
,ALEXANDRE CAVALHEIRO CAMPOS,SOCIEDADE ESPORTIVA PALMEIRAS-SP,SÊNIOR 35,48,14,14,20,,,
,MANUELLA TASSI BAZO,YARA CLUBE/ACADEMIA NELSON MACHADO/SELJ-MARÍLIA-SP,SUB-07 FEM,48,20,14,14,,,
,LENNON BROWN NAOTO IE UEHARA,CLUBE ITUANO DE ESPORTES-SP,ADULTO (MAS),47,7,20,20,,,
,VITOR LUCIANO RIBEIRO DE OLIVEIRA,ASSOCIAÇÃO ATLÉTICA SALTENSE-SP,ADULTO (MAS),44,20,10,14,,,
,LEONARDO DONAGGIO DI MICELI,TEAM MANCINI -SP,SUB-07 MAS,44,20,14,10,,,
,RAFAEL HILLA,NEW PONG ACADEMIA DE TÊNIS DE MESA/SJRP-SP,SUB-07 MAS,44,14,10,20,,,
,BENJAMIN HILLA,NEW PONG ACADEMIA DE TÊNIS DE MESA/SJRP-SP,SUB-09 MAS,44,10,14,20,,,
,MARIA EDUARDA DOS SANTOS CARRIJO CHIQUETTO,CLUBE DE TÊNIS DE MESA JACAREÍ - SP,SUB-19 FEM,42,14,14,14,,,
,NICOLE DE JESUS SANTOS,ESPORTE CLUBE PRAIA GRANDE - SP,SUB-21 FEM,42,14,14,14,,,
,CRISTINA ERIKO MATSUO MATSUKAWA,ACEMV / PREFEITURA DE VOTORANTIM / SEDESP-SP,VETERANO 55 FEM,42,14,14,14,,,
,DAVI LEITE LUIZ DE ARAUJO,TEAM MANCINI -SP,SUB-11 MAS,41,20,7,14,,,
,CLARA TENORIO BEZERRA,CR SALDANHA DA GAMA/SANTA CECÍLIA/FUPES - SP,SUB-07 FEM,40,0,20,20,,,
,KAREN SATIE HIGA TENGAN,SANTO ANDRÉ / ADSA - SP,SUB-09 FEM,40,20,20,0,,,
,RAFAEL SUGUIMOTO RAMOS,ASSOCIAÇÃO CULTURAL NIPO BRASILEIRA DE SÃO CAETANO DO SUL/BUNKA-SP,SUB-09 MAS,40,20,20,0,,,
,MANUELA DE ASSIS RODRIGUES,TEAM MANCINI -SP,SUB-11 FEM,40,0,20,20,,,
,JOÃO LIMA MEDEIROS GONÇALVES,TEAM MANCINI -SP,SUB-11 MAS,40,0,20,20,,,
,THEO RYUTA YAMADA,TEAM MANCINI -SP,SUB-13 MAS,40,10,10,20,,,
,JOÃO VITOR VIEGAS RIBEIRO,TEAM MANCINI -SP,SUB-13 MAS,40,20,20,0,,,
,BEATRIZ TAKATSU CHOI,ASSOCIAÇÃO CULTURAL NIPO BRASILEIRA DE SÃO CAETANO DO SUL/BUNKA-SP,SUB-15 FEM,40,10,10,20,,,
,LEANDRO SANCHES FERREIRA,ESPORTE CLUBE PRAIA GRANDE - SP,SUB-15 MAS,40,20,20,0,,,
,DIEGO DUARTE BARBOZA,SOCIEDADE ESPORTIVA PALMEIRAS-SP,SUB-21 MAS,40,0,20,20,,,
,LARISSA TASSI LOBATO,MASTER PONG TT ACADEMIA-SP,VETERANO 40 FEM,40,10,10,20,,,
,THAISA ANGELI SANTINELI VILAR,ASSOCIAÇÃO ESPORTIVA RECREATIVA ATEME-SP,VETERANO 40 FEM,40,20,20,0,,,
,DANIELA O LOPES,ASSOCIAÇÃO CULTURAL E DESPORTIVA DE ASSIS - SP,VETERANO 50 FEM,40,0,20,20,,,
,MARCELO APARECIDO PHAIFFER,POWER PONG TM/ASSOCIAÇÃO DOS MESATENISTAS DE CAMPINAS-SP,VETERANO 50 MAS,40,20,10,10,,,
,NATÁLIA MASSELA MUNHOZ,CLUBE ITUANO DE ESPORTES-SP,ABSOLUTO A (FEM),38,14,14,10,,,
,LUCAS CARNIELLI CUNHA BUENO,POWER PONG TM/ASSOCIAÇÃO DOS MESATENISTAS DE CAMPINAS-SP,SUB-09 MAS,38,14,10,14,,,
,ANA CLARA TURINI DE CARVALHO IMAI,SANTO ANDRÉ / ADSA - SP,SUB-15 FEM,38,14,14,10,,,
,GABRIEL PEREIRA BEZERRA,ACEMV / PREFEITURA DE VOTORANTIM / SEDESP-SP,SÊNIOR 30,37,10,7,20,,,
,GABRIELLA TIEN,ASSOCIAÇÃO CULTURAL NIPO BRASILEIRA DE SÃO CAETANO DO SUL/BUNKA-SP,SUB-11 FEM,37,20,7,10,,,
,ALEXANDRE DI MICELI DA SILVEIRA,TEAM MANCINI -SP,VETERANO 45 MAS,35,7,14,14,,,
,SABRINA MIYABARA,ASSOCIAÇÃO CULTURAL NIPO BRASILEIRA DE SÃO CAETANO DO SUL/BUNKA-SP,ABSOLUTO A (FEM),34,7,7,20,,,
,DAIANE OLIVEIRA SILVA,MASTER PONG TT ACADEMIA-SP,ADULTO (FEM),34,0,14,20,,,
,KYRLA OLIVEIRA FOGAÇA,ACADEMIA DE TÊNIS DE MESA LIFE PONG - SP,LADY 30,34,14,20,0,,,
,BENJAMIN TAKATSU CHOI,TEAM MANCINI -SP,SUB-07 MAS,34,0,20,14,,,
,FELIPE BARROS MESSIAS,ASSOCIAÇÃO OURINHENSE DE BEM ESTAR-SP,SUB-11 MAS,34,10,14,10,,,
,GUILHERME SIQUEIRA NUNES,CR SALDANHA DA GAMA/SANTA CECÍLIA/FUPES - SP,SUB-21 MAS,34,14,10,10,,,
,PEDRO FERNANDES SACRAMENTO MENTE,ESPORTE CLUBE PRAIA GRANDE - SP,SUB-21 MAS,34,20,14,0,,,
,DANIELLI SILVA VIEIRA KIKUMOTO,SESI-SP/INSTITUTO MATOSTT - SP,VETERANO 45 FEM,34,14,20,0,,,
,NEDER ALVES NEVES,MASTER PONG TT ACADEMIA-SP,VETERANO 55 MAS,34,20,0,14,,,
,DAVID EDUARDO JOHNSON PASTOR,ASSOCIAÇÃO ATLÉTICA SALTENSE-SP,VETERANO 60 MAS,34,14,0,20,,,
,ANA MARIA CARTAROZZI FERRARI,CERÂMICA CLUBE - SP,VETERANO 75 FEM,34,20,14,0,,,
,SARAH BOMFIM WEIZMAN,ASSOCIAÇÃO CULTURAL NIPO BRASILEIRA DE SÃO CAETANO DO SUL/BUNKA-SP,SUB-13 FEM,31,10,14,7,,,
,REBECA FERNANDES DA CRUZ,ITAIM KEIKO / JJYAMADA - SP,SUB-13 FEM,31,14,7,10,,,
,HENRIQUE GRASSI OSAKA,SANTO ANDRÉ / ADSA - SP,SUB-13 MAS,31,14,7,10,,,
,RAPHAEL KENZO TAKANO ITO,ASSOCIAÇÃO CULTURAL NIPO BRASILEIRA DE SÃO CAETANO DO SUL/BUNKA-SP,SUB-15 MAS,31,10,7,14,,,
,LUCAS NAOKI OGUCHI,SANTO ANDRÉ / ADSA - SP,SUB-19 MAS,31,14,14,3,,,
,HALANA DUARTE DOS SANTOS,ASSOCIAÇÃO CULTURAL E ASSISTENCIAL MIE KENJIN DO BRASIL-SP,ADULTO (FEM),30,20,10,0,,,
,KARINA RIBEIRO,ACADEMIA DE TÊNIS DE MESA LIFE PONG - SP,LADY 30,30,10,10,10,,,
,EMILY NARUMI KOBAYASHI,ACEAS NIKKEI SUZANO - SP,SUB-19 FEM,30,10,10,10,,,
,CLARA YUKIE MIMURA DE CASTILHO,CLUBE DE TÊNIS DE MESA JACAREÍ - SP,SUB-19 FEM,30,10,10,10,,,
,VINÍCIUS TITONELLI MOURA DA SILVA,ACEMV / PREFEITURA DE VOTORANTIM / SEDESP-SP,SUB-21 MAS,30,10,10,10,,,
,CRISTINA ERIKA HARADA SANBONMATSU,ACEMV / PREFEITURA DE VOTORANTIM / SEDESP-SP,VETERANO 45 FEM,30,10,10,10,,,
,JOANA DOMINGUES DA SILVA PALMEIRA,ASSOCIAÇÃO ATLÉTICA PONTE PRETA COUNTRY CLUB-SP,VETERANO 60 FEM,30,10,20,0,,,
,MILTON HIROSHI MORI,M2TM CENTRO DE TREINAMENTO DE TÊNIS DE MESA-SP,VETERANO 60 MAS,30,10,20,0,,,
,TEOCRITO NOEL SILVA CAMARGO,TIME JUNDIAÍ - SP,VETERANO 65 MAS,30,20,10,0,,,
,HEVERTON GUEDES DI BRAZ,ESPORTE CLUBE PRAIA GRANDE - SP,ABSOLUTO A (MAS),28,7,1,20,,,
,SAMARA TENÓRIO BEZERRA,AABB-SANTOS-SP,SUB-11 FEM,28,0,14,14,,,
,PEDRO TERÊNCIO FERNANDES,ASSOCIAÇÃO DESPORTIVA CENTRO OLÍMPICO-SP,SUB-13 MAS,28,7,7,14,,,
,CAYO SEIICHI AIZAWA,SANTO ANDRÉ / ADSA - SP,SUB-21 MAS,28,7,7,14,,,
,CARLA MIDORI YOSHIDA ARA,ITAIM KEIKO / JJYAMADA - SP,VETERANO 40 FEM,28,14,14,0,,,
,IVONE APARECIDA DOS SANTOS MATSUMOTO,ASSOCIAÇÃO NIKKEY SÃO JOSÉ DOS CAMPOS - SP,VETERANO 65 FEM,28,14,14,0,,,
,RODRIGO MEIRELES CARRIL,AFE ARARAQUARA-SP,VETERANO 65 MAS,28,14,14,0,,,
,NICOLAS SAKAUE NISHIMURA,ASSOCIAÇÃO CULTURAL NIPO BRASILEIRA DE SÃO CAETANO DO SUL/BUNKA-SP,ABSOLUTO A (MAS),27,3,14,10,,,
,MATHEUS FLORIANO OLIVEIRA DE LOPES,M2TM CENTRO DE TREINAMENTO DE TÊNIS DE MESA-SP,SÊNIOR 30,27,7,20,0,,,
,RODRIGO PROCIDÔNIO RUIZ,ITAIM KEIKO / JJYAMADA - SP,SÊNIOR 35,27,7,10,10,,,
,MICHEL AUGUSTO SARTORATO,TIME JUNDIAÍ - SP,SÊNIOR 35,27,10,3,14,,,
,JONAS TOSHIO RIBEIRO IZUMI,CLUBE DE TÊNIS DE MESA JACAREÍ - SP,SÊNIOR 35,27,20,7,0,,,
,PALOMA OLIVEIRA,ASSOCIAÇÃO RCTM - SP,SUB-09 FEM,27,10,7,10,,,
,LARISSA YUKA TOYOTANI,ASSOCIAÇÃO ESPORTIVA RECREATIVA ATEME-SP,SUB-11 FEM,27,14,10,3,,,
,YASMIM ANITA DE PAULA DA LUZ,SESI-SP/INSTITUTO MATOSTT - SP,SUB-13 FEM,27,10,7,10,,,
,BRENO PANINI SOUZA,ASSOC. NOVA ERA DE T.M.-SP,SUB-19 MAS,27,10,10,7,,,
,SANDRA SAYAMA,ACADEMIA DE TÊNIS DE MESA LIFE PONG - SP,VETERANO 50 FEM,27,10,7,10,,,
,MARCIO EIJI SASAKI,ASSOCIAÇÃO ESPORTIVA RECREATIVA ATEME-SP,VETERANO 50 MAS,27,10,14,3,,,
,MÁRCIO MASSARU SAMBONMATSU,ACEMV / PREFEITURA DE VOTORANTIM / SEDESP-SP,VETERANO 50 MAS,27,10,10,7,,,
,SERGIO LUIZ INCERPI,CR SALDANHA DA GAMA/SANTA CECÍLIA/FUPES - SP,VETERANO 55 MAS,27,10,10,7,,,
,SARA APARECIDA PANSERI VICENTIN DOS SANTOS,ASSOCIAÇÃO NIKKEY SÃO JOSÉ DOS CAMPOS - SP,ABSOLUTO A (FEM),24,7,10,7,,,
,GABRIEL DE OLIVEIRA AMORIM CAVIQUIO,SANTO ANDRÉ / ADSA - SP,ABSOLUTO A (MAS),24,7,3,14,,,
,FELIPE ANTONIAZZI DE OLIVEIRA,YARA CLUBE/ACADEMIA NELSON MACHADO/SELJ-MARÍLIA-SP,ADULTO (MAS),24,7,7,10,,,
,HELOÍSA DA SILVA GRACIOLLA,ASSOC.JAUENSE DE T.M./PREFEITURA DE JAÚ-SP,SUB-11 FEM,24,10,7,7,,,
,ANTÔNIO LORENZO NORBERTO SANTANA DE SOUZA,YARA CLUBE/ACADEMIA NELSON MACHADO/SELJ-MARÍLIA-SP,SUB-11 MAS,24,7,10,7,,,
,DAVI FRANCISCHETTI DE LIMA,ACADEMIA DUNAMIS DE TÊNIS DE MESA-SP,SUB-11 MAS,24,14,0,10,,,
,JULIANA DA SILVA FERREIRA SANTOS,SESI-SP/INSTITUTO MATOSTT - SP,SUB-13 FEM,24,7,10,7,,,
,MARIANA FUZINATO PINA MODESTO,YARA CLUBE/ACADEMIA NELSON MACHADO/SELJ-MARÍLIA-SP,SUB-15 FEM,24,7,7,10,,,
,BRUNO ARANHA MARANTE,ITAIM KEIKO / JJYAMADA - SP,SUB-15 MAS,24,7,10,7,,,
,THEO ENRICO MURAKAMI TADIMA,ASSOCIAÇÃO CULTURAL NIPO BRASILEIRA DE SÃO CAETANO DO SUL/BUNKA-SP,SUB-15 MAS,24,10,14,0,,,
,DAVID SALES DE SOUZA,CR SALDANHA DA GAMA/SANTA CECÍLIA/FUPES - SP,SUB-19 MAS,24,7,10,7,,,
,RAFAEL NEPOSIANO MONTEIRO,TEAM MANCINI -SP,VETERANO 40 MAS,24,0,10,14,,,
,DANILLO ALEXANDER PEDRA,CLUBE ITUANO DE ESPORTES-SP,VETERANO 40 MAS,24,10,14,0,,,
,MATEUS CANNIATTI PONCHIO,POWER PONG TM/ASSOCIAÇÃO DOS MESATENISTAS DE CAMPINAS-SP,VETERANO 40 MAS,24,14,10,0,,,
,JACKELINE FERNANDES,SOCIEDADE ESPORTIVA PALMEIRAS-SP,VETERANO 45 FEM,24,7,7,10,,,
,PATRICIA IKEDA SHIROTA UWAI,ACEMV / PREFEITURA DE VOTORANTIM / SEDESP-SP,VETERANO 45 FEM,24,0,10,14,,,
,RENATA MARIA TAPXURE HOSHIRO,TÊNIS DE MESA CASA VERDE-MI-SP,VETERANO 50 FEM,24,14,10,0,,,
,AMAURI VIRGILIO,ASSOCIAÇÃO ATLÉTICA PONTE PRETA COUNTRY CLUB-SP,VETERANO 60 MAS,24,10,14,0,,,
,ADEMIR GUSMÃO FONSECA,ESPORTE CLUBE PRAIA GRANDE - SP,VETERANO 70 MAS,24,10,14,0,,,
,FRANK SEIJI IWASHITA,ASSOCIAÇÃO ESPORTIVA RECREATIVA ATEME-SP,VETERANO 55 MAS,23,3,10,10,,,
,HENRY SHIGUIO,ASSOCIAÇÃO CULTURAL NIPO BRASILEIRA DE SÃO CAETANO DO SUL/BUNKA-SP,SUB-13 MAS,22,7,14,1,,,
,MANUELA LIMA,SOCIEDADE ESPORTIVA PALMEIRAS-SP,SUB-11 FEM,21,7,7,7,,,
,MURILO PIOTO SANTOS,POWER PONG TM/ASSOCIAÇÃO DOS MESATENISTAS DE CAMPINAS-SP,SUB-11 MAS,21,7,7,7,,,
,CLARA FERNANDA DOS SANTOS,CLUBE DE TÊNIS DE MESA JACAREÍ - SP,SUB-15 FEM,21,7,7,7,,,
,GIULIA MARTINELLI,SANTO ANDRÉ / ADSA - SP,SUB-19 FEM,21,7,7,7,,,
,VANDERLEI PEDRO DE SOUZA,ASSOCIAÇÃO ATLÉTICA SALTENSE-SP,VETERANO 50 MAS,21,0,7,14,,,
,FLAVIO MITSUO MATUGUMA,ITAIM KEIKO / JJYAMADA - SP,VETERANO 55 MAS,21,7,14,0,,,
,TAMYRES TIEMI FUKASE,CR SALDANHA DA GAMA/SANTA CECÍLIA/FUPES - SP,ABSOLUTO A (FEM),20,10,10,0,,,
,LEONARDO ARATA,TOP SPIN BRASIL ACADEMY TENIS DE MESA LTDA-SP,ABSOLUTO A (MAS),20,10,3,7,,,
,FELIPE HIDEKI DOTI ARADO,ASSOCIAÇÃO CULTURAL NIPO BRASILEIRA DE SÃO CAETANO DO SUL/BUNKA-SP,ABSOLUTO A (MAS),20,0,20,0,,,
,LUAN BRUNO PARRA BARBOSA,NEW PONG ACADEMIA DE TÊNIS DE MESA/SJRP-SP,ABSOLUTO A (MAS),20,20,0,0,,,
,GIOVANNA FARIA,CR SALDANHA DA GAMA/SANTA CECÍLIA/FUPES - SP,ADULTO (FEM),20,0,20,0,,,
,CINTIA NAGANO CARMO,ACADEMIA DE TÊNIS DE MESA LIFE PONG - SP,LADY 30,20,20,0,0,,,
,CAROLINA GARCIA,ASSOCIAÇÃO ESPORTIVA RECREATIVA ATEME-SP,LADY 35,20,10,10,0,,,
,MARINA MARIANO DE OLIVEIRA,MASTER PONG TT ACADEMIA-SP,LADY 35,20,10,10,0,,,
,HENRIQUE EDUARDO FERREIRA DE SOUZA,YARA CLUBE/ACADEMIA NELSON MACHADO/SELJ-MARÍLIA-SP,SÊNIOR 30,20,7,10,3,,,
,ITALO HENRIQUE DOS SANTOS CESAR,CLUBE DE TÊNIS DE MESA JACAREÍ - SP,SÊNIOR 30,20,20,0,0,,,
,LUIZ HENRIQUE DIAS,NOSSO CLUBE DE LIMEIRA-SP,SÊNIOR 35,20,0,20,0,,,
,MARIA CLARA GINO CRUZ,ASSOC.JAUENSE DE T.M./PREFEITURA DE JAÚ-SP,SUB-09 FEM,20,0,10,10,,,
,GABRIELA DELL ARINGA DE ARAUJO,YARA CLUBE/ACADEMIA NELSON MACHADO/SELJ-MARÍLIA-SP,SUB-09 FEM,20,0,0,20,,,
,JOÃO PEDRO MARTINS CARVALHO,YARA CLUBE/ACADEMIA NELSON MACHADO/SELJ-MARÍLIA-SP,SUB-09 MAS,20,0,10,10,,,
,LUIZA BELTRAME SANTOS,ASSOC.JAUENSE DE T.M./PREFEITURA DE JAÚ-SP,SUB-11 FEM,20,0,10,10,,,
,PEDRO HENRIQUE OLIVEIRA DE MORAES,KOSMOS CLUBE - SP,SUB-13 MAS,20,3,10,7,,,
,VINÍCIUS JUN SUNAMI,ASSOCIAÇÃO DESPORTIVA CENTRO OLÍMPICO-SP,SUB-13 MAS,20,10,3,7,,,
,ANNA BEATRIZ DE ANGELI PUDO,KOSMOS CLUBE - SP,SUB-15 FEM,20,3,10,7,,,
,WILLIAM EDUARDO RESENDE BUSSOM,NEW PONG - SÃO JOSÉ DO RIO PRETO/SP - ACADEMIA DE TÊNIS DE MESA,SUB-15 MAS,20,7,10,3,,,
,VITOR KENZO THIOFILO,TEAM MANCINI -SP,SUB-15 MAS,20,0,0,20,,,
,REN CAUAN NOSAWA,ASSOCIAÇÃO CULTURAL NIPO BRASILEIRA DE SÃO CAETANO DO SUL/BUNKA-SP,SUB-19 MAS,20,10,7,3,,,
,CAIO MAKOTO MURAKAMI,ASSOC. NOVA ERA DE T.M.-SP,SUB-19 MAS,20,3,7,10,,,
,LEANDRO SANCHES FERREIRA,ESPORTE CLUBE PRAIA GRANDE - SP,SUB-19 MAS,20,0,0,20,,,
,GABRIELA TEIXEIRA SPILARI,YARA CLUBE/ACADEMIA NELSON MACHADO/SELJ-MARÍLIA-SP,SUB-21 FEM,20,0,10,10,,,
,MARIA ELOISA MENEZES PEREIRA BALBINO,YARA CLUBE/ACADEMIA NELSON MACHADO/SELJ-MARÍLIA-SP,SUB-21 FEM,20,10,0,10,,,
,RAFAEL ROSA TAKUSHI,TEAM MANCINI -SP,SUB-21 MAS,20,10,3,7,,,
,THAIS PALMA VILHENA,ACADEMIA DE TÊNIS DE MESA LIFE PONG - SP,VETERANO 40 FEM,20,10,10,0,,,
,HEITOR HIROSHI CHAYA,CERÂMICA CLUBE - SP,VETERANO 45 MAS,20,10,10,0,,,
,ROBERTO BRAZ GARCIA ZANGALI,ITAIM KEIKO / JJYAMADA - SP,VETERANO 45 MAS,20,20,0,0,,,
,CLEUSA NAOKO TOTAKE TAGUCHI,ITAIM KEIKO / JJYAMADA - SP,VETERANO 60 FEM,20,20,0,0,,,
,HIDEYOSHI TANAKA,MASTER PONG TT ACADEMIA-SP,VETERANO 60 MAS,20,20,0,0,,,
,AREADNE AQUEMI KOMATSU,POWER PONG TM/ASSOCIAÇÃO DOS MESATENISTAS DE CAMPINAS-SP,VETERANO 65 FEM,20,0,20,0,,,
,TOYOMI ADACHI,ASSOC. NOVA ERA DE T.M.-SP,VETERANO 65 FEM,20,20,0,0,,,
,FERNANDO ROMIO,ITAIM KEIKO / JJYAMADA - SP,VETERANO 65 MAS,20,0,20,0,,,
,VERA LÍGIA CANTIEIRO BINOTTO,ASSOCIAÇÃO RCTM - SP,VETERANO 70 FEM,20,0,20,0,,,
,DEVANIR DE ARAUJO CERVI,AFE ARARAQUARA-SP,VETERANO 70 MAS,20,10,0,10,,,
,NELSON AZEVEDO CARDOSO,TEAM MANCINI -SP,VETERANO 75 MAS,20,20,0,0,,,
,IGOR PADOVAN,ASSOCIAÇÃO ATLÉTICA SALTENSE-SP,ADULTO (MAS),18,7,1,10,,,
,LEONARDO SOUSA DE OLIVEIRA,ASSOCIAÇÃO DESPORTIVA CENTRO OLÍMPICO-SP,SUB-15 MAS,18,1,7,10,,,
,EDISON FERNANDO MUSSI,TIME JUNDIAÍ - SP,VETERANO 55 MAS,18,1,7,10,,,
,LUIGI KENDI TOCUDA YAMANE,ASSOCIAÇÃO CULTURAL NIPO BRASILEIRA DE SÃO CAETANO DO SUL/BUNKA-SP,ABSOLUTO A (MAS),17,7,7,3,,,
,GUSTAVO DE OLIVEIRA DOS SANTOS,TÊNIS DE MESA CASA VERDE-MI-SP,ADULTO (MAS),17,10,7,0,,,
,PEDRO HENRIQUE POLITANO KOBAYASHI,TÊNIS DE MESA CASA VERDE-MI-SP,ADULTO (MAS),17,10,7,0,,,
,ALBERTO DOS SANTOS TAVARES FILHO,AFE ARARAQUARA-SP,SÊNIOR 30,17,0,14,3,,,
,GUILHERME DE MAGALHÃES DEBONI,ASSOCIAÇÃO ESPORTIVA RECREATIVA ATEME-SP,SÊNIOR 30,17,0,7,10,,,
,JOAO MARCELO MARGATO LARGUEZA,CLUBE ITUANO DE ESPORTES-SP,SÊNIOR 35,17,0,7,10,,,
,GUILHERME JUN HOJO,ITAIM KEIKO / JJYAMADA - SP,SUB-11 MAS,17,7,7,3,,,
,GUSTAVO CHABREGAS DE ANDRADE,ASSOCIAÇÃO DESPORTIVA E CULTURAL ARTE DA LUTA - SP,SUB-11 MAS,17,3,7,7,,,
,GABRIEL YUZO NAGASAKI,ACEAS NIKKEI SUZANO - SP,SUB-11 MAS,17,7,10,0,,,
,NICOLAS TAKATSU CHOI,ASSOCIAÇÃO CULTURAL NIPO BRASILEIRA DE SÃO CAETANO DO SUL/BUNKA-SP,SUB-15 MAS,17,7,3,7,,,
,FREDERICO ALCÂNTARA SPÍNOLA MARTINS,ESPORTE CLUBE PRAIA GRANDE - SP,SUB-15 MAS,17,14,3,0,,,
,GIOVANNI DIAS,SANTO ANDRÉ / ADSA - SP,SUB-21 MAS,17,3,7,7,,,
,TIAGO FUZINATO PINA MODESTO,YARA CLUBE/ACADEMIA NELSON MACHADO/SELJ-MARÍLIA-SP,SUB-21 MAS,17,7,3,7,,,
,ADRIANA ROSA DE OLIVEIRA,SESI-SP/INSTITUTO MATOSTT - SP,VETERANO 50 FEM,17,7,10,0,,,
,ADALBERTO PIRES DE CAMPOS,ACEMV / PREFEITURA DE VOTORANTIM / SEDESP-SP,VETERANO 50 MAS,17,3,7,7,,,
,EVALDO LUÍS MARIANO DE MORAES,ASSOCIAÇÃO ATLÉTICA SALTENSE-SP,VETERANO 55 MAS,17,7,3,7,,,
,JANI AKIKO FUKUSEN CHEN,KOSMOS CLUBE - SP,VETERANO 60 FEM,17,7,10,0,,,
,ALMO BRACCESI,TEAM MANCINI -SP,VETERANO 70 MAS,17,7,10,0,,,
,EDIANE PELLIZZARO BRESCIANI,CLUBE ITUANO DE ESPORTES-SP,ABSOLUTO A (FEM),16,1,1,14,,,
,JULIA BRABO SILVA,YARA CLUBE/ACADEMIA NELSON MACHADO/SELJ-MARÍLIA-SP,SUB-11 FEM,16,10,3,3,,,
,CAMILA MIKA SERIKAWA,CLUBE ITUANO DE ESPORTES-SP,ABSOLUTO A (FEM),15,1,7,7,,,
,GIOVANA YUNA SHIOZAKI,CLUBE ITUANO DE ESPORTES-SP,ABSOLUTO A (FEM),15,7,1,7,,,
,LÉO MAGNANI ARANHA RIBEIRO,ITAIM KEIKO / JJYAMADA - SP,SUB-13 MAS,15,7,1,7,,,
,NATÁLIA YUKI YAGYU,ITAIM KEIKO / JJYAMADA - SP,SUB-15 FEM,15,7,7,1,,,
,MATHEUS YUJI KOJIMA KUGERT,SANTO ANDRÉ / ADSA - SP,SUB-19 MAS,15,7,1,7,,,
,ALLAN VALMIR AGUILAR GUERRERO SARMENTO,MASTER PONG TT ACADEMIA-SP,ABSOLUTO A (MAS),14,14,0,0,,,
,ANA CLAUDIA CRESSONI DE CONTI,NEW PONG - SÃO JOSÉ DO RIO PRETO/SP - ACADEMIA DE TÊNIS DE MESA,ADULTO (FEM),14,0,0,14,,,
,MARINA FLORA GARCIA,CLUBE ITUANO DE ESPORTES-SP,ADULTO (FEM),14,14,0,0,,,
,JONATHAN VIVANCO DIAS,ASSOCIAÇÃO CULTURAL E ASSISTENCIAL MIE KENJIN DO BRASIL-SP,ADULTO (MAS),14,14,0,0,,,
,PEDRO HENRIQUE GUEDES REZENDE PINTO,ESPORTE CLUBE PRAIA GRANDE - SP,ADULTO (MAS),14,0,14,0,,,
,CELIA TOLEDO,ASSOCIAÇÃO RCTM - SP,LADY 30,14,0,14,0,,,
,EDUARDO HENRIQUE FERRI SALINAS,NEW PONG - SÃO JOSÉ DO RIO PRETO/SP - ACADEMIA DE TÊNIS DE MESA,SÊNIOR 30,14,0,0,14,,,
,DE HONG JUNG,ASSOCIAÇÃO NIKKEY SÃO JOSÉ DOS CAMPOS - SP,SÊNIOR 30,14,14,0,0,,,
,RAFAEL NAKAMURA,CLUBE DE TÊNIS DE MESA DE PINDAMONHANGABA - SP,SÊNIOR 35,14,7,7,0,,,
,LIZZY SANCHES TOHYAMA,ASSOCIAÇÃO CULTURAL E DESPORTIVA DE ASSIS - SP,SUB-09 FEM,14,0,0,14,,,
,ANA CLARA DE OLIVEIRA MACÊRA,YARA CLUBE/ACADEMIA NELSON MACHADO/SELJ-MARÍLIA-SP,SUB-11 FEM,14,7,0,7,,,
,LAVINIA MARQUES DE SOUZA,SESI-SP/INSTITUTO MATOSTT - SP,SUB-11 FEM,14,7,7,0,,,
,EMILY PRADO ROCCHI FOGAGNOLO,JAU PONG TÊNIS DE MESA LTDA-SP,SUB-13 FEM,14,0,7,7,,,
,VICTORIA CAROPRESO PASSARELLA,SOCIEDADE ESPORTIVA PALMEIRAS-SP,SUB-13 FEM,14,0,7,7,,,
,HELOÍSA ROMIO DA SILVA,ASSOCIAÇÃO DESPORTIVA CENTRO OLÍMPICO-SP,SUB-13 FEM,14,0,0,14,,,
,PLÍNIO GUINOSA AOKI,ITAIM KEIKO / JJYAMADA - SP,SUB-13 MAS,14,3,1,10,,,
,MURILO TASSI,YARA CLUBE/ACADEMIA NELSON MACHADO/SELJ-MARÍLIA-SP,SUB-15 MAS,14,1,3,10,,,
,VITOR HUGO EVARISTO PINTO,SESI-SP/INSTITUTO MATOSTT - SP,SUB-19 MAS,14,3,1,10,,,
,LAURA MAYUMI MATUMOTO GOZOLI,ACEMV / PREFEITURA DE VOTORANTIM / SEDESP-SP,SUB-21 FEM,14,0,7,7,,,
,GABRIELLE FREITAS DE REZENDE,SESI-SP/INSTITUTO MATOSTT - SP,SUB-21 FEM,14,0,7,7,,,
,ANGELA CRISTINA DE OLIVEIRA MARQUES,YARA CLUBE/ACADEMIA NELSON MACHADO/SELJ-MARÍLIA-SP,VETERANO 40 FEM,14,0,0,14,,,
,MARCO JIM GUI VALLIN,POWER PONG TM/ASSOCIAÇÃO DOS MESATENISTAS DE CAMPINAS-SP,VETERANO 40 MAS,14,7,7,0,,,
,EVERTON GONÇALVES VIANNA,MASTER PONG TT ACADEMIA-SP,VETERANO 45 MAS,14,14,0,0,,,
,NEWTON TAKAKI,KOSMOS CLUBE - SP,VETERANO 55 MAS,14,14,0,0,,,
,MONICA CRISTINA CAMARGO NEVES,YARA CLUBE/ACADEMIA NELSON MACHADO/SELJ-MARÍLIA-SP,VETERANO 60 FEM,14,0,0,14,,,
,TOYOMI ADACHI,ASSOC. NOVA ERA DE T.M.-SP,VETERANO 60 FEM,14,0,14,0,,,
,LUIZ CARLOS DE SOUZA,YARA CLUBE/ACADEMIA NELSON MACHADO/SELJ-MARÍLIA-SP,VETERANO 60 MAS,14,0,0,14,,,
,RUBENS FRANCISCO DE CAMPOS JUNIOR,ASSOC. NOVA ERA DE T.M.-SP,VETERANO 70 MAS,14,0,0,14,,,
,RONALDO SHIGUENORI TOMA,ACEMV / PREFEITURA DE VOTORANTIM / SEDESP-SP,VETERANO 70 MAS,14,14,0,0,,,
,BRUNNA RODRIGUES DE MELO ROSA,ASSOCIAÇÃO CULTURAL NIPO BRASILEIRA DE SÃO CAETANO DO SUL/BUNKA-SP,ABSOLUTO A (FEM),13,3,7,3,,,
,SARAH ALCÂNTARA SPÍNOLA MARTINS,ESPORTE CLUBE PRAIA GRANDE - SP,ABSOLUTO A (FEM),13,10,3,0,,,
,THIAGO PRADELLA,ITAIM KEIKO / JJYAMADA - SP,ABSOLUTO A (MAS),13,7,3,3,,,
,DÊNIS CORRÊA MATSUI.,ASSOCIAÇÃO ATLÉTICA SALTENSE-SP,ADULTO (MAS),13,3,3,7,,,
,MAURICIO MAKOTO NARITA,ACADEMIA DUNAMIS DE TÊNIS DE MESA-SP,SÊNIOR 35,13,10,3,0,,,
,JOÃO MIGUEL MATOS LIBERATORI,TEAM MANCINI -SP,SUB-13 MAS,13,7,3,3,,,
,PEDRO YUJI VISKI TOYOTANI,TEAM MANCINI -SP,SUB-13 MAS,13,3,7,3,,,
,GABRIELA SAYURI SAITO,ACEMV / PREFEITURA DE VOTORANTIM / SEDESP-SP,SUB-15 FEM,13,7,3,3,,,
,ANA CLARA MICELI ARENAS,SANTO ANDRÉ / ADSA - SP,SUB-15 FEM,13,3,7,3,,,
,MARIA EDUARDA PIETRA OLIVEIRA FURNO,CR SALDANHA DA GAMA/SANTA CECÍLIA/FUPES - SP,SUB-15 FEM,13,3,3,7,,,
,ALÍCIA DUARTE ANDRADE,ESPORTE CLUBE PRAIA GRANDE - SP,SUB-15 FEM,13,10,3,0,,,
,FELIPE GERMANO VIEIRA DE CASTRO,ITAIM KEIKO / JJYAMADA - SP,SUB-15 MAS,13,3,7,3,,,
,FELIPE KENZO ASSUNÇÃO SANTOS,ITAIM KEIKO / JJYAMADA - SP,SUB-15 MAS,13,7,3,3,,,
,MATHEUS ANDRIOLO TAMBELLINI,ASSOCIAÇAO DOS MESATENISTAS DE TAUBATÉ - SP,SUB-15 MAS,13,3,3,7,,,
,ANA CLARA PIRES GONZALES,ASSOC. NOVA ERA DE T.M.-SP,SUB-19 FEM,13,3,3,7,,,
,LAIS MIKA YUTA,ACEAS NIKKEI SUZANO - SP,ABSOLUTO A (FEM),11,1,7,3,,,
,MARINA MICHELIN,ASSOC. NOVA ERA DE T.M.-SP,ABSOLUTO A (FEM),11,3,1,7,,,
,GUILHERME SPINELLI,ASSOCIAÇÃO NIKKEY SÃO JOSÉ DOS CAMPOS - SP,ABSOLUTO A (MAS),11,1,3,7,,,
,ERIC DE ARAÚJO MANCINI,TEAM MANCINI -SP,ABSOLUTO A (MAS),11,0,1,10,,,
,DANIEL HIROYUKI IZUMI,CLUBE DE TÊNIS DE MESA JACAREÍ - SP,SUB-15 MAS,11,3,1,7,,,
,FELIPE EIKI TAGAMI IKEDA,ASSOCIAÇÃO CULTURAL NIPO BRASILEIRA DE SÃO CAETANO DO SUL/BUNKA-SP,ABSOLUTO A (MAS),10,3,0,7,,,
,HAMILTON KENZO HATO YAMANE,ASSOCIAÇÃO CULTURAL NIPO BRASILEIRA DE SÃO CAETANO DO SUL/BUNKA-SP,ABSOLUTO A (MAS),10,0,10,0,,,
,KIM TAKAYASU IWASAKI,CR SALDANHA DA GAMA/SANTA CECÍLIA/FUPES - SP,ABSOLUTO A (MAS),10,10,0,0,,,
,VICTOR YUE,MASTER PONG TT ACADEMIA-SP,ABSOLUTO A (MAS),10,0,10,0,,,
,VICTOR ARAKI,TOP SPIN BRASIL ACADEMY TENIS DE MESA LTDA-SP,ABSOLUTO A (MAS),10,3,7,0,,,
,MARCELA DE OLIVEIRA SPINELLI,"INSTITUTO SOCIAL, CULTURAL E ESPORTIVO DE SERTÃOZINHO-SP",ADULTO (FEM),10,0,0,10,,,
,KAROLEN SANTANA ROSSI,NEW PONG - SÃO JOSÉ DO RIO PRETO/SP - ACADEMIA DE TÊNIS DE MESA,ADULTO (FEM),10,0,0,10,,,
,ESTEFANI DOS SANTOS TEODORO,ACEMV / PREFEITURA DE VOTORANTIM / SEDESP-SP,ADULTO (FEM),10,10,0,0,,,
,CAROLINA TERUMI HOSHIRO,TÊNIS DE MESA CASA VERDE-MI-SP,ADULTO (FEM),10,0,10,0,,,
,ALEX EIKI SACCAI,TÊNIS DE MESA CASA VERDE-MI-SP,ADULTO (MAS),10,0,10,0,,,
,FRANCINE CRISTINA DOS SANTOS,"INSTITUTO SOCIAL, CULTURAL E ESPORTIVO DE SERTÃOZINHO-SP",LADY 30,10,0,0,10,,,
,WEMERSON MARCOS SILVA SANTOS,ASSOCIAÇÃO RCTM - SP,SÊNIOR 30,10,0,3,7,,,
,MARCELO DE SOTTI SABBO SANCHES,NEW PONG - SÃO JOSÉ DO RIO PRETO/SP - ACADEMIA DE TÊNIS DE MESA,SÊNIOR 30,10,0,0,10,,,
,MATEUS SUEKI RIBEIRO IZUMI,CLUBE DE TÊNIS DE MESA DE PINDAMONHANGABA - SP,SÊNIOR 30,10,10,0,0,,,
,FABRÍCIO DE SOUZA MARUTA,POWER PONG TM/ASSOCIAÇÃO DOS MESATENISTAS DE CAMPINAS-SP,SÊNIOR 30,10,3,7,0,,,
,WAMBERTO MATSUDA FREIRE,SANTO ANDRÉ / ADSA - SP,SÊNIOR 30,10,0,10,0,,,
,RODRIGO DA COSTA ALVES,CERÂMICA CLUBE - SP,SÊNIOR 35,10,0,10,0,,,
,DAVI MAGNANI RODRIGUES PADULA,YARA CLUBE/ACADEMIA NELSON MACHADO/SELJ-MARÍLIA-SP,SUB-09 MAS,10,0,0,10,,,
,PEDRO HENRIQUE SILVA TEODORO,CR SALDANHA DA GAMA/SANTA CECÍLIA/FUPES - SP,SUB-11 MAS,10,10,0,0,,,
,BIANCA RODRIGUES PACHECO BORGES,TEAM MANCINI -SP,SUB-13 FEM,10,0,10,0,,,
,LUIZ FELIPE DIAS MENDES,TOP SPIN BRASIL ACADEMY TENIS DE MESA LTDA-SP,SUB-13 MAS,10,0,7,3,,,
,EDUARDO VIEIRA DOS SANTOS NEVES,UCEG-UNIÃO CULTURAL E ESPORTIVA GUARULHENSE-SP,SUB-13 MAS,10,0,3,7,,,
,MARCELO DE SOUZA MARTIN,INST. FAIR PLAY DE DESENVOLVIMENTO ESPORTIVO-SP,SUB-15 MAS,10,3,7,0,,,
,BIANCA ZANINI BALDI DE SOUZA,ESPORTE CLUBE PRAIA GRANDE - SP,SUB-19 FEM,10,3,7,0,,,
,GUILHERME HENRIQUE DINIZ LIMA,CLUBE DE TÊNIS DE MESA JACAREÍ - SP,SUB-19 MAS,10,3,7,0,,,
,MARIA EDUARDA PAIVA DA SILVA,CR SALDANHA DA GAMA/SANTA CECÍLIA/FUPES - SP,SUB-21 FEM,10,0,10,0,,,
,JANY LUCIA MANTOVAN YASSUDA,NEW PONG - SÃO JOSÉ DO RIO PRETO/SP - ACADEMIA DE TÊNIS DE MESA,VETERANO 40 FEM,10,0,0,10,,,
,THIAGO SILVA CERQUEIRA,ASSOC. NOVA ERA DE T.M.-SP,VETERANO 40 MAS,10,0,0,10,,,
,NILSON NOBORU TOHYAMA,ASSOCIAÇÃO CULTURAL E DESPORTIVA DE ASSIS - SP,VETERANO 40 MAS,10,0,0,10,,,
,EVANDRO AZEVEDO NETO,ACADEMIA DE TÊNIS DE MESA LIFE PONG - SP,VETERANO 40 MAS,10,10,0,0,,,
,MARCO AURÉLIO LEMES,TIME JUNDIAÍ - SP,VETERANO 40 MAS,10,7,3,0,,,
,BIANCA REGINA CHIROSA HORIE,ITAIM KEIKO / JJYAMADA - SP,VETERANO 45 FEM,10,10,0,0,,,
,CARLOS ALBERTO MAIELLO JUNIOR,ASSOC. NOVA ERA DE T.M.-SP,VETERANO 45 MAS,10,0,0,10,,,
,CARLOS ALBERTO OLIVEIRA MARTIN,INST. FAIR PLAY DE DESENVOLVIMENTO ESPORTIVO-SP,VETERANO 45 MAS,10,0,10,0,,,
,RODRIGO SÉ PATRÍCIO DE BARROS,ASSOC. NOVA ERA DE T.M.-SP,VETERANO 50 MAS,10,0,0,10,,,
,FLÁVIO TSUDA,POWER PONG TM/ASSOCIAÇÃO DOS MESATENISTAS DE CAMPINAS-SP,VETERANO 50 MAS,10,3,7,0,,,
,LAURA SILVIA DE ALMEIDA MISAEL,ASSOCIAÇÃO CULTURAL E DESPORTIVA DE ASSIS - SP,VETERANO 60 FEM,10,0,0,10,,,
,DIRCE TAVARES DA SILVA MOREIRA,SESI-SP/INSTITUTO MATOSTT,VETERANO 60 FEM,10,10,0,0,,,
,KIYOKO TAKAHASHI,MASTER PONG TT ACADEMIA-SP,VETERANO 75 FEM,10,10,0,0,,,
,VERA LUCIA DE OLIVEIRA LOPES,MASTER PONG TT ACADEMIA-SP,VETERANO 75 FEM,10,10,0,0,,,
,MARIA CLARA MORALES LIDUENHA,ASSOC.JAUENSE DE T.M./PREFEITURA DE JAÚ-SP,SUB-15 FEM,9,1,1,7,,,
,EDUARDO RIBEIRO AZEVEDO,ITAIM KEIKO / JJYAMADA - SP,SUB-15 MAS,9,3,3,3,,,
,DAVID DOS REIS TOMAZ,SANTO ANDRÉ / ADSA - SP,SUB-15 MAS,9,3,3,3,,,
,YAN REZENDE DE FARIA,SESI-SP/INSTITUTO MATOSTT - SP,SUB-15 MAS,9,3,3,3,,,
,GABRIEL CALIMAN RUIZ,SANTO ANDRÉ / ADSA - SP,SUB-19 MAS,9,7,1,1,,,
,LUCAS AKIO TOCUDA YAMANE,ASSOCIAÇÃO CULTURAL NIPO BRASILEIRA DE SÃO CAETANO DO SUL/BUNKA-SP,SUB-19 MAS,9,3,3,3,,,
,DANIEL CANTO GONÇALVES,CLUBE DE TÊNIS DE MESA JACAREÍ - SP,SUB-19 MAS,9,3,3,3,,,
,GUSTAVO MINAMI USHISIMA,TOP SPIN BRASIL ACADEMY TENIS DE MESA LTDA-SP,ABSOLUTO A (MAS),8,0,1,7,,,
,NICHOLAS CASTILHO MESTRE,TIME JUNDIAÍ - SP,SÊNIOR 35,8,7,1,0,,,
,VITOR KENJI MOTIZUKI UIEDA,ASSOCIAÇÃO CULTURAL NIPO BRASILEIRA DE SÃO CAETANO DO SUL/BUNKA-SP,SUB-19 MAS,8,0,7,1,,,
,VICTOR PINHATAR,ASSOC. NOVA ERA DE T.M.-SP,SUB-19 MAS,8,0,1,7,,,
,FELIPE CAMARA NOGUCHI,ESPORTE CLUBE PRAIA GRANDE - SP,SUB-19 MAS,8,7,1,0,,,
,SANDRO FRANCO DA MOTTA,MASTER PONG TT ACADEMIA-SP,VETERANO 55 MAS,8,1,7,0,,,
,GABRIELLE PINCERATO,ASSOCIAÇÃO CULTURAL NIPO BRASILEIRA DE SÃO CAETANO DO SUL/BUNKA-SP,ABSOLUTO A (FEM),7,3,1,3,,,
,GIOVANNA FARIA,CR SALDANHA DA GAMA/SANTA CECÍLIA/FUPES - SP,ABSOLUTO A (FEM),7,7,0,0,,,
,VICTOR HUGO DE SOUZA MOURA,AFE ARARAQUARA-SP,ABSOLUTO A (MAS),7,3,1,3,,,
,HENRIQUE KENJI KIMURA NOGUTI,ASSOCIAÇÃO CULTURAL NIPO BRASILEIRA DE SÃO CAETANO DO SUL/BUNKA-SP,ABSOLUTO A (MAS),7,0,7,0,,,
,KENZO AUGUSTO KANO CARMO,ASSOCIAÇÃO CULTURAL NIPO BRASILEIRA DE SÃO CAETANO DO SUL/BUNKA-SP,ABSOLUTO A (MAS),7,0,7,0,,,
,ISABELLA MEI INAMURA YOSHIOKA,CLUBE ITUANO DE ESPORTES-SP,ADULTO (FEM),7,0,7,0,,,
,CAROLINA DE SOUZA RODRIGUES,M2TM CENTRO DE TREINAMENTO DE TÊNIS DE MESA-SP,ADULTO (FEM),7,0,7,0,,,
,TIAGO SILVA KAKEYA,ASSOC. NOVA ERA DE T.M.-SP,ADULTO (MAS),7,0,0,7,,,
,HEINZ BENDEZU,ACADEMIA DUNAMIS DE TÊNIS DE MESA-SP,ADULTO (MAS),7,7,0,0,,,
,LUCAS NELINGTON DE OLIVEIRA PAULA,ASSOCIAÇÃO CULTURAL E DESPORTIVA DE ASSIS - SP,ADULTO (MAS),7,0,7,0,,,
,ADRIANO EIRA DOS SANTOS SACRAS,YARA CLUBE/ACADEMIA NELSON MACHADO/SELJ-MARÍLIA-SP,SÊNIOR 30,7,0,0,7,,,
,LUCAS ARRUDA MENDES,ACEMV / PREFEITURA DE VOTORANTIM / SEDESP-SP,SÊNIOR 30,7,7,0,0,,,
,VINÍCIUS BORGES ANTUNES,ASSOCIAÇÃO CULTURAL E ASSISTENCIAL MIE KENJIN DO BRASIL-SP,SÊNIOR 30,7,0,7,0,,,
,RAFAEL EDUARDO ZACHARIAS HIRAMA,CLUBE ITUANO DE ESPORTES-SP,SÊNIOR 30,7,7,0,0,,,
,LUÍS GUSTAVO DE OLIVEIRA VILELA,ARAÇA PONG / SMELR ARAÇATUBA – SP,SÊNIOR 35,7,0,0,7,,,
,LEONARDO PEREIRA TAMELINI,ASSOCIAÇÃO CULTURAL E DESPORTIVA DE ASSIS - SP,SÊNIOR 35,7,0,0,7,,,
,MARCUS VINICIUS MAIA DA CRUZ,NEW PONG - SÃO JOSÉ DO RIO PRETO/SP - ACADEMIA DE TÊNIS DE MESA,SÊNIOR 35,7,0,0,7,,,
,RODRIGO CALABRIA,SOCIEDADE ESPORTIVA PALMEIRAS-SP,SÊNIOR 35,7,7,0,0,,,
,RAFAEL EDUARDO ZACHARIAS HIRAMA,CLUBE ITUANO DE ESPORTES-SP,SÊNIOR 35,7,0,7,0,,,
,ANA CLARA ABRUCEZZI COQUEIRO,YARA CLUBE/ACADEMIA NELSON MACHADO/SELJ-MARÍLIA-SP,SUB-09 FEM,7,0,0,7,,,
,ALEXANDRE BORNIOTTI JACON,JAU PONG TÊNIS DE MESA LTDA-SP,SUB-09 MAS,7,0,0,7,,,
,FELIPE XAVIER DOS SANTOS,YARA CLUBE/ACADEMIA NELSON MACHADO/SELJ-MARÍLIA-SP,SUB-09 MAS,7,0,0,7,,,
,ISAAC EDUARDO MARIA BARBOSA,YARA CLUBE/ACADEMIA NELSON MACHADO/SELJ-MARÍLIA-SP,SUB-09 MAS,7,0,0,7,,,
,RYAN DANIEL PRATO LOPES,YARA CLUBE/ACADEMIA NELSON MACHADO/SELJ-MARÍLIA-SP,SUB-09 MAS,7,0,0,7,,,
,LORENZO DIAS NOVELLETTO,ASSOCIAÇAO DOS MESATENISTAS DE TAUBATÉ - SP,SUB-09 MAS,7,0,7,0,,,
,GABRIEL VIEIRA GALLINA,JAU PONG TÊNIS DE MESA LTDA-SP,SUB-09 MAS,7,0,7,0,,,
,CAROLINE MESSIAS LOUREIRO,YARA CLUBE/ACADEMIA NELSON MACHADO/SELJ-MARÍLIA-SP,SUB-11 FEM,7,0,0,7,,,
,LUCAS FILA COSTA PINTO,ACADEMIA DUNAMIS DE TÊNIS DE MESA-SP,SUB-11 MAS,7,3,1,3,,,
,MIGUEL CHAGAS DE ALMEIDA,ASSOC. NOVA ERA DE T.M.-SP,SUB-11 MAS,7,0,0,7,,,
,NICHOLAS SILVERIO FIGUEIREDO LEITE,CR SALDANHA DA GAMA/SANTA CECÍLIA/FUPES - SP,SUB-13 MAS,7,1,3,3,,,
,PAULO RICARDO RODRIGUES BARBOSA,ESPORTE CLUBE PRAIA GRANDE - SP,SUB-13 MAS,7,1,3,3,,,
,ENZO PIRES,SANTO ANDRÉ / ADSA - SP,SUB-13 MAS,7,1,3,3,,,
,ARTHUR RYUICHI MOREIRA FUKUDA,UCEG-UNIÃO CULTURAL E ESPORTIVA GUARULHENSE-SP,SUB-13 MAS,7,1,3,3,,,
,GABRIEL JOSÉ MENEZES BALBINO PEREIRA,YARA CLUBE/ACADEMIA NELSON MACHADO/SELJ-MARÍLIA-SP,SUB-13 MAS,7,3,1,3,,,
,MARIA FERNANDA CHARANTOLA,YARA CLUBE/ACADEMIA NELSON MACHADO/SELJ-MARÍLIA-SP,SUB-15 FEM,7,3,3,1,,,
,GRAZIELA MAYUMI UENO,SANTO ANDRÉ / ADSA - SP,SUB-15 FEM,7,1,3,3,,,
,ISABELLE REIS SOUZA,"INSTITUTO SOCIAL, CULTURAL E ESPORTIVO DE SERTÃOZINHO-SP",SUB-19 FEM,7,0,0,7,,,
,ANI BARBARA MURAKAMI TADIMA,ASSOCIAÇÃO CULTURAL NIPO BRASILEIRA DE SÃO CAETANO DO SUL/BUNKA-SP,SUB-19 FEM,7,7,0,0,,,
,ISAAC ELEUTERIO PEIXOTO SILVA,ESPORTE CLUBE PRAIA GRANDE - SP,SUB-19 MAS,7,3,1,3,,,
,MARIA EDUARDA FERREIRA MARTINS,"INSTITUTO SOCIAL, CULTURAL E ESPORTIVO DE SERTÃOZINHO-SP",SUB-21 FEM,7,0,0,7,,,
,KAUÊ AUGUSTO FERREIRA ARAÚJO,YARA CLUBE/ACADEMIA NELSON MACHADO/SELJ-MARÍLIA-SP,SUB-21 MAS,7,0,0,7,,,
,KENGI RICARDO YASSUDA,NEW PONG - SÃO JOSÉ DO RIO PRETO/SP - ACADEMIA DE TÊNIS DE MESA,VETERANO 40 MAS,7,0,0,7,,,
,GUILHERME RIGGIO IFANGER,POWER PONG TM/ASSOCIAÇÃO DOS MESATENISTAS DE CAMPINAS-SP,VETERANO 40 MAS,7,0,7,0,,,
,FERNANDA MARA DOS SANTOS,ASSOCIAÇÃO NIKKEY SÃO JOSÉ DOS CAMPOS - SP,VETERANO 45 FEM,7,7,0,0,,,
,MÁRCIO ROGÉRIO CALIXTO PEREIRA,ACEMV / PREFEITURA DE VOTORANTIM / SEDESP-SP,VETERANO 45 MAS,7,7,0,0,,,
,RAFAEL ZUIANI KAVAMURA,TIME JUNDIAÍ - SP,VETERANO 45 MAS,7,7,0,0,,,
,MANUEL NUNES BAPTISTA,ACADEMIA DE TÊNIS DE MESA LIFE PONG - SP,VETERANO 50 MAS,7,7,0,0,,,
,DENNY NAKAGAWA,ASSOCIAÇÃO NIKKEY SÃO JOSÉ DOS CAMPOS - SP,VETERANO 50 MAS,7,7,0,0,,,
,ROGERIO CAPOBIANCO,MASTER PONG TT ACADEMIA-SP,VETERANO 55 MAS,7,7,0,0,,,
,VANDERLEI PEDRO DE SOUZA,ASSOCIAÇÃO ATLÉTICA SALTENSE-SP,VETERANO 55 MAS,7,7,0,0,,,
,TISUKO IAMAGUTI,MASTER PONG TT ACADEMIA-SP,VETERANO 60 FEM,7,7,0,0,,,
,OSNIMAR CARLOS WERNER,ITAIM KEIKO / JJYAMADA - SP,VETERANO 60 MAS,7,7,0,0,,,
,CHARLEY KENJI SUZUKI,MASTER PONG TT ACADEMIA-SP,VETERANO 60 MAS,7,7,0,0,,,
,JÚLIA LAINA DE SOUSA,ASSOC. NOVA ERA DE T.M.-SP,ABSOLUTO A (FEM),6,3,3,0,,,
,JEFERSON CARVALHO BENTO,CLUBE DE TÊNIS DE MESA DE PINDAMONHANGABA - SP,ABSOLUTO A (MAS),6,3,3,0,,,
,JONATHAN MOREIRA RODRIGUES,ASSOCIAÇÃO ATLÉTICA SALTENSE-SP,ADULTO (MAS),6,3,3,0,,,
,ALBERTH MARAIA DA COSTA,M2TM CENTRO DE TREINAMENTO DE TÊNIS DE MESA-SP,SÊNIOR 30,6,3,3,0,,,
,LAURA DE OLIVEIRA COLOMBO,YARA CLUBE/ACADEMIA NELSON MACHADO/SELJ-MARÍLIA-SP,SUB-11 FEM,6,0,3,3,,,
,IGOR KOITI HIGA TENGAN,SANTO ANDRÉ / ADSA - SP,SUB-13 MAS,6,3,3,0,,,
,LETÍCIA MIYUKI MATSUKAWA,ACEMV / PREFEITURA DE VOTORANTIM / SEDESP-SP,SUB-19 FEM,6,3,3,0,,,
,KEVIN DUARTE GOES DE SOUZA,SESI-SP/INSTITUTO MATOSTT - SP,SUB-19 MAS,6,0,3,3,,,
,BRUNNO CESAR BARRETO,ASSOCIAÇÃO NIKKEY SÃO JOSÉ DOS CAMPOS - SP,SUB-21 MAS,6,3,3,0,,,
,EDUARDO ROBERTO DA SILVA,TIME JUNDIAÍ - SP,VETERANO 40 MAS,6,3,3,0,,,
,EDSON TADASHI HOSHIRO,TÊNIS DE MESA CASA VERDE-MI-SP,VETERANO 55 MAS,6,3,3,0,,,
,SAMUEL FERNANDES BARBOSA SILVA,SOCIEDADE ESPORTIVA PALMEIRAS-SP,ABSOLUTO A (MAS),5,1,3,1,,,
,ALEX MARUYAMA ANDRADA,KOSMOS CLUBE - SP,SUB-13 MAS,5,3,1,1,,,
,KARINA YUKARI IDO SATO,ITAIM KEIKO / JJYAMADA - SP,SUB-15 FEM,5,1,3,1,,,
,PAULO EDUARDO RODRIGUES ARRUDA,POWER PONG TM/ASSOCIAÇÃO DOS MESATENISTAS DE CAMPINAS-SP,SUB-15 MAS,5,1,1,3,,,
,RAPHAEL CHEN RUE TIEN,ASSOCIAÇÃO CULTURAL NIPO BRASILEIRA DE SÃO CAETANO DO SUL/BUNKA-SP,SUB-19 MAS,5,1,3,1,,,
,VITOR HIROKI SILVA MOTIKAWA,ASSOCIAÇÃO CULTURAL NIPO BRASILEIRA DE SÃO CAETANO DO SUL/BUNKA-SP,SUB-19 MAS,5,3,1,1,,,
,ENZO BELUCO DE CAMARGO,ITAIM KEIKO / JJYAMADA - SP,SUB-19 MAS,5,1,3,1,,,
,BRENO TOSSATO VENTUROLI,SANTO ANDRÉ / ADSA - SP,SUB-19 MAS,5,1,3,1,,,
,JOÃO CEZAR BITTENCOURT MAYER,ACEAS NIKKEI SUZANO - SP,SUB-19 MAS,5,1,1,3,,,
,JOSÉ HENRIQUE MARIANO,ASSOC. NOVA ERA DE T.M.-SP,SUB-19 MAS,5,1,1,3,,,
,KATHARINA LEAL GOTO,TOP SPIN BRASIL ACADEMY TENIS DE MESA LTDA-SP,ABSOLUTO A (FEM),4,0,1,3,,,
,CLAUDIO MASSAD,SESI-SP/INSTITUTO MATOSTT - SP,ABSOLUTO A (MAS),4,3,0,1,,,
,MARCOS ANTÔNIO DE LIMA JUNIOR,CERÂMICA CLUBE - SP,SÊNIOR 35,4,3,1,0,,,
,FELIPE BERTIN FARIA,TIME JUNDIAÍ - SP,SÊNIOR 35,4,3,1,0,,,
,TIAGO YERA NAKAJUM,YARA CLUBE/ACADEMIA NELSON MACHADO/SELJ-MARÍLIA-SP,SUB-11 MAS,4,0,1,3,,,
,MURILO LUIZ DINIZ DA SILVA,SESI-SP/INSTITUTO MATOSTT - SP,SUB-11 MAS,4,3,1,0,,,
,KAIO AUGUSTO FERREIRA DE ARAÚJO,YARA CLUBE/ACADEMIA NELSON MACHADO/SELJ-MARÍLIA-SP,SUB-11 MAS,4,3,1,0,,,
,PEDRO KINOSHITA KAKUDA,ASSOCIAÇÃO ESPORTIVA RECREATIVA ATEME-SP,SUB-13 MAS,4,3,1,0,,,
,EDUARDO ARAUJO DE DOMINICIS,ITAIM KEIKO / JJYAMADA - SP,SUB-15 MAS,4,3,0,1,,,
,MATHEUS.LAZARETE RAMOS,SANTO ANDRÉ / ADSA - SP,SUB-15 MAS,4,0,1,3,,,
,RAFAEL VINICIUS VIEIRA FURUTANI DE OLIVEIRA,KOSMOS CLUBE - SP,SUB-19 MAS,4,1,3,0,,,
,YOSHIMITSU CLÁUDIO CHIBA,ITAIM KEIKO / JJYAMADA - SP,VETERANO 55 MAS,4,1,3,0,,,
,REINALDO FURUUTI,POWER PONG TM/ASSOCIAÇÃO DOS MESATENISTAS DE CAMPINAS-SP,VETERANO 55 MAS,4,1,3,0,,,
,JOÃO PEDRO RIBEIRO MIRA,ASSOCIAÇÃO CULTURAL E DESPORTIVA DE ASSIS - SP,ABSOLUTO A (MAS),3,0,0,3,,,
,FÁBIO JORGE VICCARI,ASSOC. NOVA ERA DE T.M.-SP,ABSOLUTO A (MAS),3,3,0,0,,,
,LUCA KUMAHARA,ASSOCIAÇÃO CULTURAL NIPO BRASILEIRA DE SÃO CAETANO DO SUL/BUNKA-SP,ABSOLUTO A (MAS),3,3,0,0,,,
,JOAO PEDRO DE ABREU,ASSOCIAÇÃO RCTM - SP,ABSOLUTO A (MAS),3,0,3,0,,,
,RODRIGO MILANE SILVA,ASSOCIAÇÃO OURINHENSE DE BEM ESTAR-SP,ADULTO (MAS),3,0,0,3,,,
,VITOR TOPSON ESCUDEIRO JANNUZI,"INSTITUTO SOCIAL, CULTURAL E ESPORTIVO DE SERTÃOZINHO-SP",ADULTO (MAS),3,0,0,3,,,
,LUAN PAGLIARI DE BRITO,MIRASSOL TENIS DE MESA,ADULTO (MAS),3,0,0,3,,,
,ALBERTO DOS SANTOS TAVARES FILHO,AFE ARARAQUARA-SP,ADULTO (MAS),3,3,0,0,,,
,LUCAS DE OLIVEIRA LEITE,ACEMV / PREFEITURA DE VOTORANTIM / SEDESP-SP,ADULTO (MAS),3,3,0,0,,,
,MATEUS MARTINS FREITAS,ACEMV / PREFEITURA DE VOTORANTIM / SEDESP-SP,ADULTO (MAS),3,3,0,0,,,
,GABRIEL LIN WANG,YARA CLUBE/ACADEMIA NELSON MACHADO/SELJ-MARÍLIA-SP,SÊNIOR 30,3,0,0,3,,,
,RAFAEL EIDI TSUKAHARA,YARA CLUBE/ACADEMIA NELSON MACHADO/SELJ-MARÍLIA-SP,SÊNIOR 30,3,0,0,3,,,
,JOÃO VICTOR ROCHA SOARES,ITAIM KEIKO / JJYAMADA - SP,SÊNIOR 30,3,3,0,0,,,
,ALEXANDRE ANDRADE COURA,TÊNIS DE MESA CASA VERDE-MI-SP,SÊNIOR 30,3,0,3,0,,,
,CARLOS EDUARDO FIGUEIREDO BUENO,UCEG-UNIÃO CULTURAL E ESPORTIVA GUARULHENSE-SP,SÊNIOR 30,3,3,0,0,,,
,BRUNO FELIPE DE SOUZA ARAÚJO,ACEMV / PREFEITURA DE VOTORANTIM / SEDESP-SP,SÊNIOR 35,3,3,0,0,,,
,TIAGO SILVA KAKEYA,ASSOC. NOVA ERA DE T.M.-SP,SÊNIOR 35,3,3,0,0,,,
,ALLAN CARLOS BALTHAZAR DOS SANTOS,ASSOCIAÇÃO NIKKEY SÃO JOSÉ DOS CAMPOS - SP,SÊNIOR 35,3,3,0,0,,,
,BRUNO DE CASTRO MIRANDA,ITAIM KEIKO / JJYAMADA - SP,SÊNIOR 35,3,3,0,0,,,
,ENRICO ESTEVES STEVANATO,YARA CLUBE/ACADEMIA NELSON MACHADO/SELJ-MARÍLIA-SP,SUB-11 MAS,3,0,0,3,,,
,HENRIQUE MESQUITA SERVA REIS,YARA CLUBE/ACADEMIA NELSON MACHADO/SELJ-MARÍLIA-SP,SUB-11 MAS,3,0,0,3,,,
,DAVI KENJI PRADO SUZUKI,KOSMOS CLUBE - SP,SUB-11 MAS,3,0,3,0,,,
,BRUNO SECCOLI BUFO,M2TM CENTRO DE TREINAMENTO DE TÊNIS DE MESA-SP,SUB-11 MAS,3,,3,0,,,
,ALICE AKEMI BABICHI TANAKA,YARA CLUBE/ACADEMIA NELSON MACHADO/SELJ-MARÍLIA-SP,SUB-13 FEM,3,0,0,3,,,
,ANA JÚLIA SIMÕES CACERES,ASSOCIAÇÃO DESPORTIVA CENTRO OLÍMPICO-SP,SUB-13 FEM,3,0,0,3,,,
,CRISTIAN MARTINELLI,ACADEMIA DE TÊNIS DE MESA LIFE PONG - SP,SUB-13 MAS,3,1,1,1,,,
,LUCAS M MARQUES,ASSOCIAÇÃO OURINHENSE DE BEM ESTAR-SP,SUB-13 MAS,3,1,1,1,,,
,DAVI ANTONELLI NASCIMENTO LEAO,ASSOCIAÇÃO RCTM - SP,SUB-13 MAS,3,1,1,1,,,
,LUÍSA CHABREGAS DE ANDRADE,ASSOCIAÇÃO DESPORTIVA E CULTURAL ARTE DA LUTA - SP,SUB-15 FEM,3,1,1,1,,,
,SAMARA ALVES DA SILVA,TEAM MANCINI -SP,SUB-15 FEM,3,0,0,3,,,
,FELIPE DE TOLEDO MARESCA,ASSOCIAÇÃO CULTURAL NIPO BRASILEIRA DE SÃO CAETANO DO SUL/BUNKA-SP,SUB-15 MAS,3,1,1,1,,,
,RYAN OLIVEIRA,ASSOCIAÇÃO RCTM - SP,SUB-15 MAS,3,1,1,1,,,
,HEITOR FERNANDES DA CRUZ,ITAIM KEIKO / JJYAMADA - SP,SUB-15 MAS,3,1,1,1,,,
,GUILHERME AUGUSTO CÂNDIDO FERREIRA,SESI-SP/INSTITUTO MATOSTT - SP,SUB-15 MAS,3,1,1,1,,,
,LEONARDO AMAKU ISHIKAWA,YARA CLUBE/ACADEMIA NELSON MACHADO/SELJ-MARÍLIA-SP,SUB-15 MAS,3,1,1,1,,,
,GABRIELA SANCINETTI RODRIGUES,ASSOCIAÇÃO RCTM - SP,SUB-19 FEM,3,0,3,0,,,
,RHWANY TEIXEIRA,ASSOCIAÇÃO RCTM - SP,SUB-19 FEM,3,0,3,0,,,
,ARTHUR MASSARU ASSUNÇÃO SANTOS,ITAIM KEIKO / JJYAMADA - SP,SUB-19 MAS,3,1,1,1,,,
,ARTHUR BUENO DIAS CALEFFI,SANTO ANDRÉ / ADSA - SP,SUB-19 MAS,3,1,1,1,,,
,ENZO DE LUCA LOPES BARANI,SANTO ANDRÉ / ADSA - SP,SUB-19 MAS,3,1,1,1,,,
,NICOLAS REIS PIEDADE,SANTO ANDRÉ / ADSA - SP,SUB-19 MAS,3,1,1,1,,,
,VITOR KENZO MOURA KONDO,SANTO ANDRÉ / ADSA - SP,SUB-19 MAS,3,1,1,1,,,
,NICOLAS RUDOLF ELERBROCK ZORN,SESI-SP/INSTITUTO MATOSTT - SP,SUB-19 MAS,3,1,1,1,,,
,MATHEUS DE ASSIS RODRIGUES,TEAM MANCINI -SP,SUB-19 MAS,3,1,1,1,,,
,PEDRO AUGUSTO VIEIRA RAMOS,TEAM MANCINI -SP,SUB-19 MAS,3,1,1,1,,,
,RODRIGO MACHADO SORRATINI,POWER PONG TM/ASSOCIAÇÃO DOS MESATENISTAS DE CAMPINAS-SP,SUB-19 MAS,3,1,1,1,,,
,GUILHERME REBELATO,ASSOCIAÇÃO RCTM - SP,SUB-19 MAS,3,3,0,0,,,
,ROGÉRIO RONCATTO CARVALHO,CLUBE DE CAMPO DE PIRACICABA-CCP-SP,SUB-19 MAS,3,0,3,0,,,
,CARLOS EDUARDO GONÇALVES SUPLANO,YARA CLUBE/ACADEMIA NELSON MACHADO/SELJ-MARÍLIA-SP,SUB-21 MAS,3,0,0,3,,,
,GUILHERME ALVES DA SILVEIRA,NEW PONG - SÃO JOSÉ DO RIO PRETO/SP - ACADEMIA DE TÊNIS DE MESA,SUB-21 MAS,3,0,0,3,,,
,JOÃO GABRIEL COSTA DA SILVA,AFE ARARAQUARA-SP,SUB-21 MAS,3,0,0,3,,,
,JÚLIO UEHARA NOGUEIRA DE BARROS LEITE,NEW PONG - SÃO JOSÉ DO RIO PRETO/SP - ACADEMIA DE TÊNIS DE MESA,SUB-21 MAS,3,0,0,3,,,
,KEVIS LEE,NEW PONG - SÃO JOSÉ DO RIO PRETO/SP - ACADEMIA DE TÊNIS DE MESA,SUB-21 MAS,3,0,0,3,,,
,MATEUS ATHAIDE DOS SANTOS DOS REIS,YARA CLUBE/ACADEMIA NELSON MACHADO/SELJ-MARÍLIA-SP,SUB-21 MAS,3,0,0,3,,,
,DANIEL DA SILVA JÚLIO,ACEMV / PREFEITURA DE VOTORANTIM / SEDESP-SP,SUB-21 MAS,3,3,0,0,,,
,GUILHERME HENRIQUE MONTEIRO BIANCHIN,ACEMV / PREFEITURA DE VOTORANTIM / SEDESP-SP,SUB-21 MAS,3,3,0,0,,,
,MURILO SAMPAIO LEANDRO,SESI-SP/INSTITUTO MATOSTT,SUB-21 MAS,3,3,0,0,,,
,THALES HIKOSAKA,AFE ARARAQUARA-SP,VETERANO 40 MAS,3,0,3,0,,,
,ANDERSON MACHIDA NAGANO,ASSOCIAÇÃO CULTURAL E ASSISTENCIAL MIE KENJIN DO BRASIL-SP,VETERANO 40 MAS,3,3,0,0,,,
,CARLOS ALBERTO TORRES FERRAZ,MASTER PONG TT ACADEMIA-SP,VETERANO 40 MAS,3,3,0,0,,,
,ANTONIO CESAR POLEZZI,SOCIEDADE ESPORTIVA PALMEIRAS-SP,VETERANO 40 MAS,3,3,0,0,,,
,FLÁVIO SANTANA DE SOUZA,YARA CLUBE/ACADEMIA NELSON MACHADO/SELJ-MARÍLIA-SP,VETERANO 40 MAS,3,3,0,0,,,
,RUDEMIR AFONSO PIASSI,ASSOC. NOVA ERA DE T.M.-SP,VETERANO 50 MAS,3,0,0,3,,,
,JORGE LUIS DE CAMPOS,ASSOCIAÇÃO CULTURAL E DESPORTIVA DE ASSIS - SP,VETERANO 50 MAS,3,0,0,3,,,
,WILSON ROBERTO DE OLIVEIRA,ASSOCIAÇÃO CULTURAL E DESPORTIVA DE ASSIS - SP,VETERANO 50 MAS,3,0,0,3,,,
,FÁBIO MORENO DE SOUZA,ACEMV / PREFEITURA DE VOTORANTIM / SEDESP-SP,VETERANO 50 MAS,3,3,0,0,,,
,FABRÍCIO ADRIANO MOSCATELLI,ACEMV / PREFEITURA DE VOTORANTIM / SEDESP-SP,VETERANO 50 MAS,3,3,0,0,,,
,GILES MARIOZI OLIVEIRA,ACEMV / PREFEITURA DE VOTORANTIM / SEDESP-SP,VETERANO 50 MAS,3,3,0,0,,,
,SERGIO TOCHIAKI SAKAI,ASSOC. NOVA ERA DE T.M.-SP,VETERANO 55 MAS,3,0,0,3,,,
,ALMIR ROGÉRIO BORTOLETO,NEW PONG - SÃO JOSÉ DO RIO PRETO/SP - ACADEMIA DE TÊNIS DE MESA,VETERANO 55 MAS,3,0,0,3,,,
,JOÃO CANDIDO DE OLIVEIRA PORTO,NEW PONG - SÃO JOSÉ DO RIO PRETO/SP - ACADEMIA DE TÊNIS DE MESA,VETERANO 55 MAS,3,0,0,3,,,
,RICARDO OLIVEIRA DRUMMOND,ACADEMIA DE TÊNIS DE MESA LIFE PONG - SP,VETERANO 55 MAS,3,3,0,0,,,
,ROBERTO DOMINGUES DE ANDRADE,ASSOCIAÇÃO NIKKEY SÃO JOSÉ DOS CAMPOS - SP,VETERANO 55 MAS,3,3,0,0,,,
,MARCO ANTÔNIO DE ARAÚJO,ASSOCIAÇÃO ESPORTIVA RECREATIVA ATEME-SP,VETERANO 60 MAS,3,3,0,0,,,
,WILSON ALVES DA SILVA,ASSOCIAÇÃO ESPORTIVA RECREATIVA ATEME-SP,VETERANO 60 MAS,3,3,0,0,,,
,NELSON TOSHIMITSU AZUMA,ASSOCIAÇÃO NIKKEY SÃO JOSÉ DOS CAMPOS - SP,VETERANO 60 MAS,3,3,0,0,,,
,MAX AUGUSTO DOS SANTOS,CERÂMICA CLUBE - SP,VETERANO 60 MAS,3,3,0,0,,,
,MANUEL FREITAS CHAMBEL PAIVA,ITAIM KEIKO / JJYAMADA - SP,ABSOLUTO A (MAS),2,0,1,1,,,
,LUÍS CLÁUDIO MOREIRA JÚNIOR,ASSOCIAÇÃO CULTURAL NIPO BRASILEIRA DE SÃO CAETANO DO SUL/BUNKA-SP,ABSOLUTO A (MAS),2,1,1,0,,,
,PEDRO HENRIQUE GINO CRUZ,ASSOC.JAUENSE DE T.M./PREFEITURA DE JAÚ-SP,SUB-13 MAS,2,0,1,1,,,
,VICTOR HO YOUNG LEE,SANTO ANDRÉ / ADSA - SP,SUB-13 MAS,2,0,1,1,,,
,ENZO CECCATO,ACADEMIA DUNAMIS DE TÊNIS DE MESA-SP,SUB-13 MAS,2,1,1,0,,,
,HENRIQUE JUNITIRO UWAI,ACEMV / PREFEITURA DE VOTORANTIM / SEDESP-SP,SUB-13 MAS,2,1,1,0,,,
,TIAGO NAOKI NAGATA,ASSOCIAÇÃO RCTM - SP,SUB-13 MAS,2,1,1,0,,,
,MIGUEL MONTEMOR QUEIROZ FERREIRA,CLUBE DE TÊNIS DE MESA DE PINDAMONHANGABA - SP,SUB-13 MAS,2,1,1,0,,,
,MIGUEL YOSHIO KATAYAMA IZUMI,CLUBE DE TÊNIS DE MESA JACAREÍ - SP,SUB-13 MAS,2,1,1,0,,,
,BRUNO RYU MATSUMOTO NAKAMURA,ITAIM KEIKO / JJYAMADA - SP,SUB-13 MAS,2,1,1,0,,,
,KEVIN KOITI NISHINO,POWER PONG TM/ASSOCIAÇÃO DOS MESATENISTAS DE CAMPINAS-SP,SUB-13 MAS,2,1,1,0,,,
,DAVI SOUZA DE ALMEIDA,SESI-SP/INSTITUTO MATOSTT - SP,SUB-13 MAS,2,1,1,0,,,
,MATEUS RABELO DE FARIA,SESI-SP/INSTITUTO MATOSTT - SP,SUB-13 MAS,2,1,1,0,,,
,PEDRO FLORENTINO,SESI-SP/INSTITUTO MATOSTT - SP,SUB-13 MAS,2,1,1,0,,,
,EMANUELLY SANTANA DE AZEVEDO ARAÚJO,SESI-SP/INSTITUTO MATOSTT - SP,SUB-15 FEM,2,1,1,0,,,
,LARA MARCELINO DE LACERDA,SESI-SP/INSTITUTO MATOSTT - SP,SUB-15 FEM,2,1,1,0,,,
,VITÓRIA APARECIDA DE SOUZA,SESI-SP/INSTITUTO MATOSTT - SP,SUB-15 FEM,2,1,1,0,,,
,FELIPE ROLIM IANELLO,ACADEMIA DUNAMIS DE TÊNIS DE MESA-SP,SUB-15 MAS,2,0,1,1,,,
,MIGUEL SANTANA DONA,ARAÇA PONG / SMELR ARAÇATUBA – SP,SUB-15 MAS,2,0,1,1,,,
,ENZO BELTRAME SANTOS,ASSOC.JAUENSE DE T.M./PREFEITURA DE JAÚ-SP,SUB-15 MAS,2,0,1,1,,,
,LUCAS TIDEI OLIVEIRA,ASSOC.JAUENSE DE T.M./PREFEITURA DE JAÚ-SP,SUB-15 MAS,2,0,1,1,,,
,ROBSON LEONARDO RODRIGUES DOS SANTOS,ASSOC.JAUENSE DE T.M./PREFEITURA DE JAÚ-SP,SUB-15 MAS,2,0,1,1,,,
,ALEXANDRE YUDI HARADA,ACEMV / PREFEITURA DE VOTORANTIM / SEDESP-SP,SUB-15 MAS,2,1,1,0,,,
,ELIEL DIAS MARQUES,ACEMV / PREFEITURA DE VOTORANTIM / SEDESP-SP,SUB-15 MAS,2,1,1,0,,,
,FERNANDO PUERTO BASSO,ASSOCIAÇÃO RCTM - SP,SUB-15 MAS,2,1,1,0,,,
,GUSTAVO HENRIQUE ALVES DRAGONI,ASSOCIAÇÃO RCTM - SP,SUB-15 MAS,2,1,1,0,,,
,KELVYN SARAGOÇA DE OLIVEIRA,ASSOCIAÇÃO RCTM - SP,SUB-15 MAS,2,1,1,0,,,
,MATEUS ZAMBOM COLUCI,ASSOCIAÇÃO RCTM - SP,SUB-15 MAS,2,1,1,0,,,
,FELIPE TAKASHI KIMURA ISHIKAWA,KOSMOS CLUBE - SP,SUB-15 MAS,2,1,1,0,,,
,DANIEL MORENO SIMÕES,POWER PONG TM/ASSOCIAÇÃO DOS MESATENISTAS DE CAMPINAS-SP,SUB-15 MAS,2,1,1,0,,,
,PIETRO MIGUEL PHAIFFER,POWER PONG TM/ASSOCIAÇÃO DOS MESATENISTAS DE CAMPINAS-SP,SUB-15 MAS,2,1,1,0,,,
,GABRIEL FONSECA,SESI-SP/INSTITUTO MATOSTT - SP,SUB-15 MAS,2,1,1,0,,,
,JOÃO MIGUEL KOENIGKAN SILVA MOTA,SESI-SP/INSTITUTO MATOSTT - SP,SUB-15 MAS,2,1,1,0,,,
,ALISSON CHAGAS,ASSOC.JAUENSE DE T.M./PREFEITURA DE JAÚ-SP,SUB-19 MAS,2,0,1,1,,,
,FILIPE ROSSI COSTA,ASSOC.JAUENSE DE T.M./PREFEITURA DE JAÚ-SP,SUB-19 MAS,2,0,1,1,,,
,ENZO TOMITA,ITAIM KEIKO / JJYAMADA - SP,SUB-19 MAS,2,1,0,1,,,
,FELIPE AUGUSTO BATISTA DE MATOS,SESI-SP/INSTITUTO MATOSTT - SP,SUB-19 MAS,2,0,1,1,,,
,LUCAS NORIO YOSHIKAWA,TEAM MANCINI -SP,SUB-19 MAS,2,1,0,1,,,
,ENZO LIMA MEIRELES,SANTO ANDRÉ / ADSA - SP,SUB-19 MAS,2,1,1,0,,,
,EWERTON CRISTIAN DOS SANTOS JUNIOR,SESI-SP/INSTITUTO MATOSTT - SP,SUB-19 MAS,2,1,1,0,,,
,JOÃO VITOR FERREIRA FÉLIX,SESI-SP/INSTITUTO MATOSTT - SP,SUB-19 MAS,2,1,1,0,,,
,DAIANE OLIVEIRA SILVA,MASTER PONG TT ACADEMIA-SP,ABSOLUTO A (FEM),1,1,0,0,,,
,TAINÁ ORSI OLIVEIRA,CR SALDANHA DA GAMA/SANTA CECÍLIA/FUPES - SP,ABSOLUTO A (FEM),1,1,0,0,,,
,REBECA DE MELO DANIELLO,UCEG-UNIÃO CULTURAL E ESPORTIVA GUARULHENSE-SP,ABSOLUTO A (FEM),1,1,0,0,,,
,ISAAC GOMES ZAULI,CR SALDANHA DA GAMA/SANTA CECÍLIA/FUPES - SP,ABSOLUTO A (MAS),1,0,0,1,,,
,PAULO SÉRGIO SALMIN FILHO,SESI-SP/INSTITUTO MATOSTT - SP,ABSOLUTO A (MAS),1,0,0,1,,,
,ENZO FELIPE NERI CARDAS,TOP SPIN BRASIL ACADEMY TENIS DE MESA LTDA-SP,ABSOLUTO A (MAS),1,0,0,1,,,
,GABRIEL LACERDA SLEZYNGER,TOP SPIN BRASIL ACADEMY TENIS DE MESA LTDA-SP,ABSOLUTO A (MAS),1,0,0,1,,,
,DIEGO DUARTE BARBOZA,SOCIEDADE ESPORTIVA PALMEIRAS-SP,ABSOLUTO A (MAS),1,1,0,0,,,
,PEDRO HENRIQUE GUEDES REZENDE PINTO,ESPORTE CLUBE PRAIA GRANDE - SP,ABSOLUTO A (MAS),1,1,0,0,,,
,MURILO STRANO CALTABIANO,ACADEMIA DE TÊNIS DE MESA LIFE PONG - SP,ABSOLUTO A (MAS),1,1,0,0,,,
,RAFAEL CÂNDIDO AGUIAR,CLUBE DE TÊNIS DE MESA DE PINDAMONHANGABA - SP,ABSOLUTO A (MAS),1,1,0,0,,,
,VALTER CLEBERSON MUKAIBATA,CLUBE ITUANO DE ESPORTES-SP,ABSOLUTO A (MAS),1,1,0,0,,,
,ARTUR MARTINI IURA,CLUBE RECREATIVO SUMARÉ-LIGA-SP,ABSOLUTO A (MAS),1,1,0,0,,,
,FILIPI WENDELL FERREIRA SEVERIANO,ESPORTE CLUBE PRAIA GRANDE - SP,ABSOLUTO A (MAS),1,0,1,0,,,
,GUILHERME ALVES DA SILVEIRA,NEW PONG ACADEMIA DE TÊNIS DE MESA/SJRP-SP,ABSOLUTO A (MAS),1,0,1,0,,,
,MATEUS CARNEIRO BOTELHO,TEAM MANCINI -SP,ABSOLUTO A (MAS),1,0,1,0,,,
,IGOR SIMÕES DA SILVA,ESPORTE CLUBE PRAIA GRANDE - SP,ADULTO (MAS),1,0,1,0,,,
,MIGUEL BLANCO MORALES NETO,ESPORTE CLUBE PRAIA GRANDE - SP,ADULTO (MAS),1,0,1,0,,,
,JOÃO CARLOS DOS SANTOS OLIVEIRA,M2TM CENTRO DE TREINAMENTO DE TÊNIS DE MESA-SP,ADULTO (MAS),1,0,1,0,,,
,LUIZ TIAGO SAMPAIO DE SOUZA,TEAM MANCINI -SP,ADULTO (MAS),1,0,1,0,,,
,RAFAEL ALVES,ASSOCIAÇÃO RCTM - SP,SÊNIOR 35,1,0,1,0,,,
,MIGUEL STEPHAN DE FARIA GALOCHA,SESI-SP/INSTITUTO MATOSTT - SP,SUB-11 MAS,1,0,1,0,,,
,PEDRO HENRIQUE PITHON ABREU,ASSOCIAÇÃO DESPORTIVA CENTRO OLÍMPICO-SP,SUB-13 MAS,1,0,0,1,,,
,CARLOS EDUARDO GIROLDO ROSIGNOLLI,ASSOCIAÇÃO OURINHENSE DE BEM ESTAR-SP,SUB-13 MAS,1,0,0,1,,,
,VINICIUS CAMPOS VERNAGLIA,INST. FAIR PLAY DE DESENVOLVIMENTO ESPORTIVO-SP,SUB-13 MAS,1,0,0,1,,,
,DIOGO VENDRAMINI,JAU PONG TÊNIS DE MESA LTDA-SP,SUB-13 MAS,1,0,0,1,,,
,LINCOLN RYUJI NAKAGAWA,ASSOCIAÇÃO NIKKEY SÃO JOSÉ DOS CAMPOS - SP,SUB-13 MAS,1,1,0,0,,,
,LUCAS MARGIOTA PIASSA,ASSOCIAÇÃO RCTM - SP,SUB-13 MAS,1,0,1,0,,,
,DAVI.COPPI DA ROCHA,CERÂMICA CLUBE - SP,SUB-13 MAS,1,0,1,0,,,
,LUCAS OLIVEIRA ALVES,CERÂMICA CLUBE - SP,SUB-13 MAS,1,0,1,0,,,
,PIETRO BATTISTELLA DE MELO,POWER PONG TM/ASSOCIAÇÃO DOS MESATENISTAS DE CAMPINAS-SP,SUB-13 MAS,1,0,1,0,,,
,CAIO PINHEIRO DIAS,SANTO ANDRÉ / ADSA - SP,SUB-13 MAS,1,0,1,0,,,
,ISIS SANCHES TOHYAMA,ASSOCIAÇÃO CULTURAL E DESPORTIVA DE ASSIS - SP,SUB-15 FEM,1,0,0,1,,,
,ISABELLY DOS PASSOS RABELO,ASSOCIAÇÃO DESPORTIVA CENTRO OLÍMPICO-SP,SUB-15 FEM,1,0,0,1,,,
,ISADORA CASTILHO CARRIEL,ASSOCIAÇÃO DESPORTIVA CENTRO OLÍMPICO-SP,SUB-15 FEM,1,0,0,1,,,
,LAISSA GARCIA LEITE,CLUBE DE CAMPO DE PIRACICABA-CCP-SP,SUB-15 FEM,1,0,1,0,,,
,LIVIA PEDRO CINTO,CLUBE DE CAMPO DE PIRACICABA-CCP-SP,SUB-15 FEM,1,0,1,0,,,
,LEONARDO PORCIÚNCULA ABBONDANZA,ASSOC. NOVA ERA DE T.M.-SP,SUB-15 MAS,1,0,0,1,,,
,PAULO JUN IDEHARA OBASE,ASSOCIAÇÃO DESPORTIVA CENTRO OLÍMPICO-SP,SUB-15 MAS,1,0,0,1,,,
,JOÃO PEDRO RAMOS NASCIMENTO,JAU PONG TÊNIS DE MESA LTDA-SP,SUB-15 MAS,1,0,0,1,,,
,RAFAEL SOARES DOS SANTOS JUNIOR,SESI-SP/INSTITUTO MATOSTT - SP,SUB-15 MAS,1,0,0,1,,,
,LUCA ESTEVES MAGALHÃES,YARA CLUBE/ACADEMIA NELSON MACHADO/SELJ-MARÍLIA-SP,SUB-15 MAS,1,0,0,1,,,
,JOÃO VITOR COSTA FERREIRA,ACEMV / PREFEITURA DE VOTORANTIM / SEDESP-SP,SUB-15 MAS,1,1,0,0,,,
,LUCAS RODRIGUES DE MELO,ASSOCIAÇÃO RCTM - SP,SUB-15 MAS,1,0,1,0,,,
,MARCELO HENRIQUE COSTA GONÇALVES,ASSOCIAÇÃO RCTM - SP,SUB-15 MAS,1,0,1,0,,,
,GUSTAVO HENRIQUE SETIN FERREIRA,CERÂMICA CLUBE - SP,SUB-15 MAS,1,0,1,0,,,
,LUCAS GUIMARÃES DO AMARAL LEMOS,ESPORTE CLUBE PRAIA GRANDE - SP,SUB-15 MAS,1,0,1,0,,,
,MIGUEL DOMICIANO VIANNA,MASTER PONG TT ACADEMIA-SP,SUB-15 MAS,1,1,0,0,,,
,FELIPE BUCIOLI SIMIONI,POWER PONG TM/ASSOCIAÇÃO DOS MESATENISTAS DE CAMPINAS-SP,SUB-15 MAS,1,0,1,0,,,
,PEDRO ANGELO PIOTO SANTOS,POWER PONG TM/ASSOCIAÇÃO DOS MESATENISTAS DE CAMPINAS-SP,SUB-15 MAS,1,1,0,0,,,
,MATHEUS LAZARETE RAMOS,SANTO ANDRÉ / ADSA - SP,SUB-15 MAS,1,1,0,0,,,
,TIAGO HOLTZ AMATO,TEAM MANCINI -SP,SUB-15 MAS,1,0,1,0,,,
,JOÃO PEDRO CALDAS OLIVEIRA,TÊNIS DE MESA PAULÍNIA-LIGA-SP,SUB-15 MAS,1,0,1,0,,,
,BENTO DE MORAIS NAVARRO,ASSOC. NOVA ERA DE T.M.-SP,SUB-19 MAS,1,0,0,1,,,
,JOÃO DE MORAIS NAVARRO,ASSOC. NOVA ERA DE T.M.-SP,SUB-19 MAS,1,0,0,1,,,
,JOÃO PEDRO LIMA DE OLIVEIRA,"INSTITUTO SOCIAL, CULTURAL E ESPORTIVO DE SERTÃOZINHO-SP",SUB-19 MAS,1,0,0,1,,,
,JOÃO VICTOR BALDO,"INSTITUTO SOCIAL, CULTURAL E ESPORTIVO DE SERTÃOZINHO-SP",SUB-19 MAS,1,0,0,1,,,
,MATHEUS FELIPE DA SILVA,"INSTITUTO SOCIAL, CULTURAL E ESPORTIVO DE SERTÃOZINHO-SP",SUB-19 MAS,1,0,0,1,,,
,RENAN SCAVAZINI GIMENEZ,"INSTITUTO SOCIAL, CULTURAL E ESPORTIVO DE SERTÃOZINHO-SP",SUB-19 MAS,1,0,0,1,,,
,DAVI GODOY,JAU PONG TÊNIS DE MESA LTDA-SP,SUB-19 MAS,1,0,0,1,,,
,NICOLAS MOURA LASNOU,MIRASSOL TENIS DE MESA,SUB-19 MAS,1,0,0,1,,,
,GUSTAVO PERDIGÃO,AFE ARARAQUARA-SP,SUB-19 MAS,1,0,1,0,,,
,FABIO ROGÉRIO TREVISAN JUNIOR,ASSOC.JAUENSE DE T.M./PREFEITURA DE JAÚ-SP,SUB-19 MAS,1,0,1,0,,,
,TIAGO ONISHI CARDOSO,ASSOCIAÇÃO CULTURAL NIPO BRASILEIRA DE SÃO CAETANO DO SUL/BUNKA-SP,SUB-19 MAS,1,1,0,0,,,
,ENZO GABRIEL VITALIANO VIEIRA,ASSOCIAÇÃO DOS SERVIDORES MUNICIPAIS DE RIBEIRÃO PRETO - SP,SUB-19 MAS,1,0,1,0,,,
,MATHEUS RODRIGUES DE MELO,ASSOCIAÇÃO RCTM - SP,SUB-19 MAS,1,0,1,0,,,
,CEZAR AUGUSTO PEREIRA MACIEL,CLUBE DE CAMPO DE PIRACICABA-CCP-SP,SUB-19 MAS,1,0,1,0,,,
,SAMUEL BERTOLASSI,CLUBE DE CAMPO DE PIRACICABA-CCP-SP,SUB-19 MAS,1,0,1,0,,,
,PEDRO DOS SANTOS MENDES,CLUBE DE TÊNIS DE MESA JACAREÍ - SP,SUB-19 MAS,1,1,0,0,,,
,JOÃO PEDRO RIBEIRO POSSAS,ESPORTE CLUBE PRAIA GRANDE - SP,SUB-19 MAS,1,0,1,0,,,
,RUAN PEDRAL DE SOUZA,ESPORTE CLUBE PRAIA GRANDE - SP,SUB-19 MAS,1,0,1,0,,,
,KENON DIAZ NAKASHIMA,ITAIM KEIKO / JJYAMADA - SP,SUB-19 MAS,1,1,0,0,,,
,RAFAEL VENTINO ARAUJO,ITAIM KEIKO / JJYAMADA - SP,SUB-19 MAS,1,1,0,0,,,
,FELIPE CASTRO BRANT MOURAO,MASTER PONG TT ACADEMIA-SP,SUB-19 MAS,1,1,0,0,,,
,LUCAS DOMICIANO VIANNA,MASTER PONG TT ACADEMIA-SP,SUB-19 MAS,1,1,0,0,,,
,HENRIQUE MOURA CAMARDELLA,POWER PONG TM/ASSOCIAÇÃO DOS MESATENISTAS DE CAMPINAS-SP,SUB-19 MAS,1,1,0,0,,,
,LEONARDO HENRIQUES FIORI DA COSTA,TÊNIS DE MESA CASA VERDE-MI-SP,SUB-19 MAS,1,0,1,0,,,
,JORGE CARDELLI FAÇANHA DANTAS,TÊNIS DE MESA PAULÍNIA-LIGA-SP,SUB-19 MAS,1,0,1,0,,,
,KAUÊ AUGUSTO FERREIRA ARAÚJO,YARA CLUBE/ACADEMIA NELSON MACHADO/SELJ-MARÍLIA-SP,SUB-19 MAS,1,1,0,0,,,
,BORIS ALAN ARANA,ASSOCIAÇÃO CULTURAL NIPO BRASILEIRA DE SÃO CAETANO DO SUL/BUNKA-SP,VETERANO 55 MAS,1,1,0,0,,,
,LUIS ALBERTO D ALMEIDA LEANZA,POWER PONG TM/ASSOCIAÇÃO DOS MESATENISTAS DE CAMPINAS-SP,VETERANO 55 MAS,1,1,0,0,,,
,SESI-SP/INSTITUTO MATOSTT,SESI-SP/INSTITUTO MATOSTT,_EFICIENCIA_PARALIMPICO,210,30,70,110,,,
,CLUBE INCLUSIVO /INSTITUTO AJINOMOTO - SP,CLUBE INCLUSIVO /INSTITUTO AJINOMOTO - SP,_EFICIENCIA_PARALIMPICO,144,60,34,50,,,
,SANTO ANDRÉ / ADSA - SP,SANTO ANDRÉ / ADSA - SP,_EFICIENCIA_PARALIMPICO,134,54,60,20,,,
,ESPORTE CLUBE PRAIA GRANDE - SP,ESPORTE CLUBE PRAIA GRANDE - SP,_EFICIENCIA_PARALIMPICO,126,34,78,14,,,
,SOCIEDADE ESPORTIVA PALMEIRAS-SP,SOCIEDADE ESPORTIVA PALMEIRAS-SP,_EFICIENCIA_PARALIMPICO,81,34,27,20,,,
,ASSOCIAÇÃO CULTURAL NIPO BRASILEIRA DE SÃO CAETANO DO SUL/BUNKA-SP,ASSOCIAÇÃO CULTURAL NIPO BRASILEIRA DE SÃO CAETANO DO SUL/BUNKA-SP,_EFICIENCIA_PARALIMPICO,76,28,28,20,,,
,ACADEMIA DUNAMIS DE TÊNIS DE MESA-SP,ACADEMIA DUNAMIS DE TÊNIS DE MESA-SP,_EFICIENCIA_PARALIMPICO,62,24,24,14,,,
,CR SALDANHA DA GAMA/SANTA CECÍLIA/FUPES - SP,CR SALDANHA DA GAMA/SANTA CECÍLIA/FUPES - SP,_EFICIENCIA_PARALIMPICO,44,24,10,10,,,
,ASSOCIAÇÃO DESPORTIVA E CULTURAL ARTE DA LUTA - SP,ASSOCIAÇÃO DESPORTIVA E CULTURAL ARTE DA LUTA - SP,_EFICIENCIA_PARALIMPICO,40,20,20,0,,,
,CLUBE DE TÊNIS DE MESA ALVES TT/CAIEIRAS - SP,CLUBE DE TÊNIS DE MESA ALVES TT/CAIEIRAS - SP,_EFICIENCIA_PARALIMPICO,34,14,20,0,,,
,ARAÇA PONG / SMELR ARAÇATUBA – SP,ARAÇA PONG / SMELR ARAÇATUBA – SP,_EFICIENCIA_PARALIMPICO,24,0,24,0,,,
,ASSOCIAÇÃO DOS SERVIDORES MUNICIPAIS DE RIBEIRÃO PRETO - SP,ASSOCIAÇÃO DOS SERVIDORES MUNICIPAIS DE RIBEIRÃO PRETO - SP,_EFICIENCIA_PARALIMPICO,21,0,21,0,,,
,ACADEMIA DE TÊNIS DE MESA LIFE PONG - SP,ACADEMIA DE TÊNIS DE MESA LIFE PONG - SP,_EFICIENCIA_PARALIMPICO,20,20,0,0,,,
,KOSMOS CLUBE - SP,KOSMOS CLUBE - SP,_EFICIENCIA_PARALIMPICO,20,20,0,0,,,
,INST. FAIR PLAY DE DESENVOLVIMENTO ESPORTIVO-SP,INST. FAIR PLAY DE DESENVOLVIMENTO ESPORTIVO-SP,_EFICIENCIA_PARALIMPICO,10,0,10,0,,,
,ASSOC. NOVA ERA DE T.M.-SP,ASSOC. NOVA ERA DE T.M.-SP,_EFICIENCIA_PARALIMPICO,10,0,0,10,,,
,TEAM MANCINI -SP,TEAM MANCINI -SP,_EFICIENCIA_OLIMPICO,1124,315,458,351,,,
,ASSOCIAÇÃO CULTURAL NIPO BRASILEIRA DE SÃO CAETANO DO SUL/BUNKA-SP,ASSOCIAÇÃO CULTURAL NIPO BRASILEIRA DE SÃO CAETANO DO SUL/BUNKA-SP,_EFICIENCIA_OLIMPICO,837,299,349,189,,,
,YARA CLUBE/ACADEMIA NELSON MACHADO/SELJ-MARÍLIA-SP,YARA CLUBE/ACADEMIA NELSON MACHADO/SELJ-MARÍLIA-SP,_EFICIENCIA_OLIMPICO,778,180,156,442,,,
,SANTO ANDRÉ / ADSA - SP,SANTO ANDRÉ / ADSA - SP,_EFICIENCIA_OLIMPICO,485,215,167,103,,,
,ITAIM KEIKO / JJYAMADA - SP,ITAIM KEIKO / JJYAMADA - SP,_EFICIENCIA_OLIMPICO,412,200,114,98,,,
,NEW PONG ACADEMIA DE TÊNIS DE MESA/SJRP-SP,NEW PONG ACADEMIA DE TÊNIS DE MESA/SJRP-SP,_EFICIENCIA_OLIMPICO,373,99,82,192,,,
,SESI-SP/INSTITUTO MATOSTT - SP,SESI-SP/INSTITUTO MATOSTT - SP,_EFICIENCIA_OLIMPICO,340,123,129,88,,,
,ACEMV / PREFEITURA DE VOTORANTIM / SEDESP-SP,ACEMV / PREFEITURA DE VOTORANTIM / SEDESP-SP,_EFICIENCIA_OLIMPICO,317,113,95,109,,,
,MASTER PONG TT ACADEMIA-SP,MASTER PONG TT ACADEMIA-SP,_EFICIENCIA_OLIMPICO,305,150,81,74,,,
,CR SALDANHA DA GAMA/SANTA CECÍLIA/FUPES - SP,CR SALDANHA DA GAMA/SANTA CECÍLIA/FUPES - SP,_EFICIENCIA_OLIMPICO,299,78,130,91,,,
,POWER PONG-SP,POWER PONG-SP,_EFICIENCIA_OLIMPICO,296,104,119,73,,,
,SOCIEDADE ESPORTIVA PALMEIRAS-SP,SOCIEDADE ESPORTIVA PALMEIRAS-SP,_EFICIENCIA_OLIMPICO,272,63,103,106,,,
,CLUBE ITUANO DE ESPORTES-SP,CLUBE ITUANO DE ESPORTES-SP,_EFICIENCIA_OLIMPICO,263,79,96,88,,,
,ESPORTE CLUBE PRAIA GRANDE - SP,ESPORTE CLUBE PRAIA GRANDE - SP,_EFICIENCIA_OLIMPICO,259,122,83,54,,,
,ASSOCIAÇÃO ESPORTIVA RECREATIVA ATEME-SP,ASSOCIAÇÃO ESPORTIVA RECREATIVA ATEME-SP,_EFICIENCIA_OLIMPICO,247,102,105,40,,,
,CLUBE DE TÊNIS DE MESA JACAREÍ - SP,CLUBE DE TÊNIS DE MESA JACAREÍ - SP,_EFICIENCIA_OLIMPICO,214,91,65,58,,,
,ASSOC.JAUENSE DE T.M./PREFEITURA DE JAÚ-SP,ASSOC.JAUENSE DE T.M./PREFEITURA DE JAÚ-SP,_EFICIENCIA_OLIMPICO,199,30,81,88,,,
,ASSOCIAÇÃO ATLÉTICA SALTENSE-SP,ASSOCIAÇÃO ATLÉTICA SALTENSE-SP,_EFICIENCIA_OLIMPICO,194,65,37,92,,,
,ASSOCIAÇÃO NIKKEY SÃO JOSÉ DOS CAMPOS - SP,ASSOCIAÇÃO NIKKEY SÃO JOSÉ DOS CAMPOS - SP,_EFICIENCIA_OLIMPICO,191,89,58,44,,,
,ASSOCIAÇÃO DESPORTIVA CENTRO OLÍMPICO-SP,ASSOCIAÇÃO DESPORTIVA CENTRO OLÍMPICO-SP,_EFICIENCIA_OLIMPICO,187,0,0,187,,,
,ASSOC. NOVA ERA DE T.M.-SP,ASSOC. NOVA ERA DE T.M.-SP,_EFICIENCIA_OLIMPICO,171,30,31,110,,,
,ACADEMIA DE TÊNIS DE MESA LIFE PONG - SP,ACADEMIA DE TÊNIS DE MESA LIFE PONG - SP,_EFICIENCIA_OLIMPICO,148,81,47,20,,,
,ASSOCIAÇÃO RCTM - SP,ASSOCIAÇÃO RCTM - SP,_EFICIENCIA_OLIMPICO,134,42,55,37,,,
,ASSOCIAÇÃO CULTURAL E DESPORTIVA DE ASSIS - SP,ASSOCIAÇÃO CULTURAL E DESPORTIVA DE ASSIS - SP,_EFICIENCIA_OLIMPICO,116,0,27,89,,,
,ACADEMIA DUNAMIS DE TÊNIS DE MESA-SP,ACADEMIA DUNAMIS DE TÊNIS DE MESA-SP,_EFICIENCIA_OLIMPICO,108,80,28,0,,,
,ASSOCIAÇÃO OURINHENSE DE BEM ESTAR-SP,ASSOCIAÇÃO OURINHENSE DE BEM ESTAR-SP,_EFICIENCIA_OLIMPICO,102,30,42,30,,,
,KOSMOS CLUBE - SP,KOSMOS CLUBE - SP,_EFICIENCIA_OLIMPICO,99,21,50,28,,,
,TIME JUNDIAÍ - SP,TIME JUNDIAÍ - SP,_EFICIENCIA_OLIMPICO,92,51,17,24,,,
,ACEAS NIKKEI SUZANO - SP,ACEAS NIKKEI SUZANO - SP,_EFICIENCIA_OLIMPICO,88,31,47,10,,,
,AABB-SANTOS-SP,AABB-SANTOS-SP,_EFICIENCIA_OLIMPICO,84,0,42,42,,,
,JAU PONG TÊNIS DE MESA LTDA-SP,JAU PONG TÊNIS DE MESA LTDA-SP,_EFICIENCIA_OLIMPICO,84,0,42,42,,,
,TÊNIS DE MESA CASA VERDE-MI-SP,TÊNIS DE MESA CASA VERDE-MI-SP,_EFICIENCIA_OLIMPICO,78,34,44,0,,,
,CERÂMICA CLUBE - SP,CERÂMICA CLUBE - SP,_EFICIENCIA_OLIMPICO,64,30,34,0,,,
,M2TM CENTRO DE TREINAMENTO DE TÊNIS DE MESA-SP,M2TM CENTRO DE TREINAMENTO DE TÊNIS DE MESA-SP,_EFICIENCIA_OLIMPICO,64,17,47,0,,,
,AFE ARARAQUARA-SP,AFE ARARAQUARA-SP,_EFICIENCIA_OLIMPICO,62,24,28,10,,,
,UNASP ENGENHEIRO COELHO - SP,UNASP ENGENHEIRO COELHO - SP,_EFICIENCIA_OLIMPICO,60,20,20,20,,,
,ASSOCIAÇÃO ATLÉTICA PONTE PRETA COUNTRY CLUB-SP,ASSOCIAÇÃO ATLÉTICA PONTE PRETA COUNTRY CLUB-SP,_EFICIENCIA_OLIMPICO,54,20,34,0,,,
,ASSOCIAÇÃO CULTURAL E ASSISTENCIAL MIE KENJIN DO BRASIL-SP,ASSOCIAÇÃO CULTURAL E ASSISTENCIAL MIE KENJIN DO BRASIL-SP,_EFICIENCIA_OLIMPICO,51,34,17,0,,,
,ASSOCIAÇÃO DESPORTIVA E CULTURAL ARTE DA LUTA - SP,ASSOCIAÇÃO DESPORTIVA E CULTURAL ARTE DA LUTA - SP,_EFICIENCIA_OLIMPICO,42,0,21,21,,,
,TOP SPIN BRASIL ACADEMY TENIS DE MESA LTDA-SP,TOP SPIN BRASIL ACADEMY TENIS DE MESA LTDA-SP,_EFICIENCIA_OLIMPICO,42,0,28,14,,,
,"INSTITUTO SOCIAL, CULTURAL E ESPORTIVO DE SERTÃOZINHO-SP","INSTITUTO SOCIAL, CULTURAL E ESPORTIVO DE SERTÃOZINHO-SP",_EFICIENCIA_OLIMPICO,34,0,0,34,,,
,ASSOCIAÇAO DOS MESATENISTAS DE TAUBATÉ - SP,ASSOCIAÇAO DOS MESATENISTAS DE TAUBATÉ - SP,_EFICIENCIA_OLIMPICO,28,0,21,7,,,
,CLUBE DE TÊNIS DE MESA DE PINDAMONHANGABA - SP,CLUBE DE TÊNIS DE MESA DE PINDAMONHANGABA - SP,_EFICIENCIA_OLIMPICO,24,17,7,0,,,
,UCEG-UNIÃO CULTURAL E ESPORTIVA GUARULHENSE-SP,UCEG-UNIÃO CULTURAL E ESPORTIVA GUARULHENSE-SP,_EFICIENCIA_OLIMPICO,21,0,0,21,,,
,NOSSO CLUBE DE LIMEIRA-SP,NOSSO CLUBE DE LIMEIRA-SP,_EFICIENCIA_OLIMPICO,20,0,20,0,,,
,INST. FAIR PLAY DE DESENVOLVIMENTO ESPORTIVO-SP,INST. FAIR PLAY DE DESENVOLVIMENTO ESPORTIVO-SP,_EFICIENCIA_OLIMPICO,17,0,17,0,,,
,ARAÇA PONG / SMELR ARAÇATUBA – SP,ARAÇA PONG / SMELR ARAÇATUBA – SP,_EFICIENCIA_OLIMPICO,7,0,0,7,,,
,ASSOCIAÇÃO DOS SERVIDORES MUNICIPAIS DE RIBEIRÃO PRETO - SP,ASSOCIAÇÃO DOS SERVIDORES MUNICIPAIS DE RIBEIRÃO PRETO - SP,_EFICIENCIA_OLIMPICO,0,0,0,0,,,
,CLUBE DE CAMPO DE PIRACICABA-CCP-SP,CLUBE DE CAMPO DE PIRACICABA-CCP-SP,_EFICIENCIA_OLIMPICO,0,0,0,0,,,
,CLUBE DE TÊNIS DE MESA ALVES TT/CAIEIRAS - SP,CLUBE DE TÊNIS DE MESA ALVES TT/CAIEIRAS - SP,_EFICIENCIA_OLIMPICO,0,0,0,0,,,
,CLUBE RECREATIVO SUMARÉ-LIGA-SP,CLUBE RECREATIVO SUMARÉ-LIGA-SP,_EFICIENCIA_OLIMPICO,0,0,0,0,,,